Timestamp,Age Group,Gender,Preferred Tool,Satisfaction,Feedback
2026-04-09 18:13:34,35-44,Male,R,3,Needs better UI.
2026-04-11 15:09:34,18-24,Female,Python,5,"Great tool, highly recommended!"
2026-03-22 21:26:34,18-24,Female,Power BI,5,I love the open source community.
2026-03-28 05:49:34,35-44,Female,Python,5,Very useful for my job.
2026-04-12 04:33:34,35-44,Male,Excel,3,Needs better UI.
2026-03-23 03:18:34,35-44,Female,Power BI,4,Best tool on the market.
2026-04-14 16:58:34,45+,Female,Tableau,1,Needs better UI.
2026-04-07 01:05:34,35-44,Female,Python,5,"Great tool, highly recommended!"
2026-04-10 23:01:34,35-44,Non-Binary,R,3,Needs better UI.
2026-04-01 23:41:34,35-44,Male,Excel,4,Steep learning curve.
2026-04-10 23:56:34,18-24,Female,R,1,Steep learning curve.
2026-03-26 05:36:34,35-44,Non-Binary,Power BI,5,Steep learning curve.
2026-04-11 02:05:34,18-24,Male,Python,5,Could be faster.
2026-04-01 23:16:34,25-34,Female,Power BI,4,Could be faster.
2026-03-27 11:43:34,45+,Female,Tableau,2,Steep learning curve.
2026-03-28 19:27:34,35-44,Female,Tableau,2,Basic features are lacking.
2026-03-31 22:20:34,45+,Male,Python,4,Needs better UI.
2026-03-25 11:22:34,45+,Female,Tableau,3,I love the open source community.
2026-04-09 05:45:34,35-44,Non-Binary,Python,4,Needs better UI.
2026-04-11 09:00:34,35-44,Female,Excel,3,Needs better UI.
2026-03-30 04:22:34,45+,Male,Excel,4,Very useful for my job.
2026-04-05 19:07:34,35-44,Female,Power BI,4,Steep learning curve.
2026-03-25 03:00:34,25-34,Female,Power BI,4,"Great tool, highly recommended!"
2026-04-09 01:43:34,18-24,Male,Excel,3,Best tool on the market.
2026-03-27 16:27:34,18-24,Male,Tableau,3,Needs better UI.
2026-04-14 09:01:34,25-34,Male,Tableau,4,Very useful for my job.
2026-03-29 08:07:34,45+,Non-Binary,Power BI,4,Steep learning curve.
2026-04-12 00:37:34,35-44,Male,Power BI,5,Basic features are lacking.
2026-03-23 22:26:34,18-24,Male,Power BI,5,Steep learning curve.
2026-04-07 22:12:34,18-24,Female,Python,3,Steep learning curve.
2026-03-22 17:07:34,35-44,Male,R,3,Best tool on the market.
2026-04-11 06:25:34,25-34,Female,Power BI,4,Basic features are lacking.
2026-03-28 07:03:34,45+,Male,Python,3,I love the open source community.
2026-04-01 04:38:34,45+,Female,Python,5,Needs better UI.
2026-03-22 03:58:34,35-44,Female,Python,5,Steep learning curve.
2026-03-26 21:46:34,45+,Male,R,4,Best tool on the market.
2026-04-03 23:07:34,18-24,Male,Power BI,4,Needs better UI.
2026-03-22 11:46:34,18-24,Non-Binary,R,1,Steep learning curve.
2026-04-03 06:42:34,25-34,Female,Python,5,Very useful for my job.
2026-04-01 15:36:34,35-44,Female,Tableau,3,Best tool on the market.
2026-04-03 13:58:34,45+,Male,Excel,3,Steep learning curve.
2026-04-19 16:49:34,18-24,Female,Python,4,"Great tool, highly recommended!"
2026-04-08 06:44:34,25-34,Male,Power BI,3,Needs better UI.
2026-04-16 20:16:34,18-24,Female,R,5,I love the open source community.
2026-03-24 09:27:34,18-24,Female,Tableau,2,Could be faster.
2026-04-18 23:25:34,35-44,Male,Tableau,3,Very useful for my job.
2026-04-11 11:31:34,45+,Male,Python,4,"Great tool, highly recommended!"
2026-04-04 10:48:34,18-24,Male,R,3,Best tool on the market.
2026-03-25 03:08:34,18-24,Female,Excel,4,Best tool on the market.
2026-03-26 06:05:34,35-44,Female,Power BI,4,"Great tool, highly recommended!"
2026-04-11 08:31:34,18-24,Female,R,5,Best tool on the market.
2026-03-23 18:59:34,25-34,Male,Power BI,5,Steep learning curve.
2026-04-12 01:25:34,35-44,Female,Excel,5,"Great tool, highly recommended!"
2026-03-23 11:39:34,35-44,Male,Excel,5,Very useful for my job.
2026-04-09 23:22:34,45+,Female,Tableau,3,"Great tool, highly recommended!"
2026-03-23 18:08:34,25-34,Female,Excel,5,Very useful for my job.
2026-04-02 19:14:34,35-44,Male,Python,3,Could be faster.
2026-03-27 12:27:34,18-24,Male,Power BI,4,I love the open source community.
2026-04-09 14:21:34,25-34,Female,R,1,Basic features are lacking.
2026-03-20 20:59:34,35-44,Female,Tableau,3,Steep learning curve.
2026-03-28 21:02:34,18-24,Male,Python,4,Basic features are lacking.
2026-03-27 22:04:34,45+,Male,R,2,Steep learning curve.
2026-03-21 12:24:34,45+,Male,Python,5,Best tool on the market.
2026-04-01 11:44:34,45+,Female,Power BI,4,Could be faster.
2026-04-19 15:19:34,35-44,Male,Excel,3,"Great tool, highly recommended!"
2026-03-24 10:39:34,35-44,Female,Excel,4,I love the open source community.
2026-04-09 07:19:34,45+,Female,R,2,Could be faster.
2026-03-22 13:39:34,18-24,Female,Power BI,5,Steep learning curve.
2026-04-01 04:16:34,35-44,Female,Python,3,Best tool on the market.
2026-04-06 00:54:34,45+,Male,Excel,5,Very useful for my job.
2026-03-27 04:54:34,45+,Female,R,4,Best tool on the market.
2026-04-02 09:05:34,18-24,Male,R,2,Basic features are lacking.
2026-04-15 09:50:34,35-44,Male,Tableau,1,Steep learning curve.
2026-04-06 07:02:34,25-34,Female,Excel,5,Could be faster.
2026-03-22 22:55:34,35-44,Male,R,4,Very useful for my job.
2026-03-20 16:27:34,45+,Female,Python,5,Basic features are lacking.
2026-04-03 11:48:34,25-34,Female,Tableau,4,Basic features are lacking.
2026-04-01 22:21:34,18-24,Female,Python,3,I love the open source community.
2026-03-27 21:03:34,45+,Male,R,3,Needs better UI.
2026-04-03 20:03:34,45+,Female,Power BI,4,Could be faster.
2026-04-20 05:51:34,45+,Female,Power BI,5,Basic features are lacking.
2026-04-17 20:59:34,45+,Male,R,3,Best tool on the market.
2026-04-14 07:43:34,25-34,Male,Python,4,Best tool on the market.
2026-03-27 23:33:34,35-44,Female,Python,3,Very useful for my job.
2026-03-24 22:36:34,25-34,Female,Python,4,I love the open source community.
2026-04-03 01:46:34,45+,Male,R,3,I love the open source community.
2026-04-02 09:56:34,18-24,Female,Power BI,5,I love the open source community.
2026-04-04 15:34:34,35-44,Female,Tableau,3,Steep learning curve.
2026-04-04 22:29:34,45+,Female,Tableau,4,Could be faster.
2026-04-11 13:03:34,45+,Female,Tableau,3,Very useful for my job.
2026-04-09 08:13:34,45+,Female,Python,4,Needs better UI.
2026-04-10 04:20:34,45+,Male,Excel,4,I love the open source community.
2026-03-30 21:41:34,35-44,Male,Tableau,4,Best tool on the market.
2026-04-14 04:28:34,18-24,Male,Power BI,5,"Great tool, highly recommended!"
2026-04-20 02:26:34,18-24,Female,Python,5,"Great tool, highly recommended!"
2026-04-19 22:24:34,18-24,Female,R,3,Very useful for my job.
2026-04-05 12:19:34,25-34,Male,Excel,4,Could be faster.
2026-03-26 10:50:34,18-24,Female,R,3,Best tool on the market.
2026-03-24 09:13:34,35-44,Female,Tableau,1,Basic features are lacking.
2026-04-20 13:24:34,18-24,Female,R,2,Needs better UI.
2026-04-12 01:06:34,18-24,Female,Power BI,3,"Great tool, highly recommended!"
2026-04-01 08:39:34,35-44,Male,Excel,4,"Great tool, highly recommended!"
2026-04-17 05:04:34,45+,Male,Excel,3,Basic features are lacking.
2026-04-11 19:39:34,25-34,Female,Excel,4,Basic features are lacking.
2026-04-04 05:04:34,35-44,Male,R,5,Needs better UI.
2026-03-29 05:27:34,45+,Female,Tableau,2,Could be faster.
2026-03-21 07:06:34,35-44,Male,R,3,Could be faster.
2026-04-14 23:33:34,35-44,Female,Excel,4,"Great tool, highly recommended!"
2026-04-05 21:17:34,25-34,Female,Tableau,2,Steep learning curve.
2026-04-12 06:53:34,45+,Male,Python,3,Needs better UI.
2026-03-29 22:37:34,25-34,Male,Power BI,4,Could be faster.
2026-04-05 08:45:34,35-44,Male,Power BI,4,Could be faster.
2026-04-01 13:41:34,35-44,Male,R,5,Needs better UI.
2026-04-12 21:32:34,18-24,Female,R,4,Steep learning curve.
2026-03-27 14:42:34,35-44,Female,Power BI,5,Best tool on the market.
2026-03-23 21:30:34,25-34,Male,Excel,5,"Great tool, highly recommended!"
2026-04-12 08:20:34,35-44,Male,Python,5,Best tool on the market.
2026-04-11 19:52:34,45+,Male,Python,4,Best tool on the market.
2026-04-05 06:40:34,35-44,Male,Python,5,Best tool on the market.
2026-04-20 06:19:34,18-24,Male,Python,5,"Great tool, highly recommended!"
2026-03-24 20:03:34,35-44,Male,R,4,Needs better UI.
2026-04-07 04:50:34,25-34,Female,Tableau,4,Basic features are lacking.
2026-04-19 05:31:34,45+,Male,Power BI,4,"Great tool, highly recommended!"
2026-04-09 14:18:34,25-34,Female,Excel,3,Needs better UI.
2026-03-25 22:23:34,18-24,Male,Tableau,2,Basic features are lacking.
2026-04-12 10:42:34,35-44,Male,Excel,4,Best tool on the market.
2026-04-12 05:16:34,25-34,Female,Power BI,5,Steep learning curve.
2026-04-02 18:46:34,25-34,Female,Excel,5,Very useful for my job.
2026-03-22 16:22:34,35-44,Female,Power BI,3,Best tool on the market.
2026-04-03 18:41:34,35-44,Female,Excel,4,Basic features are lacking.
2026-04-03 17:50:34,18-24,Female,Excel,4,Best tool on the market.
2026-03-20 17:26:34,18-24,Non-Binary,Excel,3,"Great tool, highly recommended!"
2026-04-13 20:42:34,45+,Female,R,2,Basic features are lacking.
2026-04-10 06:17:34,45+,Male,Excel,3,Could be faster.
2026-04-10 19:06:34,25-34,Male,Tableau,5,Best tool on the market.
2026-04-11 04:04:34,18-24,Male,Excel,3,Best tool on the market.
2026-03-30 19:01:34,45+,Female,Python,5,Basic features are lacking.
2026-04-02 16:24:34,35-44,Female,Tableau,4,Basic features are lacking.
2026-04-13 16:25:34,35-44,Female,Excel,3,Basic features are lacking.
2026-04-18 13:43:34,18-24,Male,Power BI,5,Steep learning curve.
2026-04-11 20:31:34,18-24,Female,Python,5,Steep learning curve.
2026-04-15 18:41:34,18-24,Female,R,2,Basic features are lacking.
2026-04-19 13:30:34,35-44,Male,Tableau,3,Basic features are lacking.
2026-03-28 05:47:34,25-34,Male,Power BI,4,Very useful for my job.
2026-04-16 17:29:34,45+,Male,Power BI,4,Best tool on the market.
2026-04-15 15:30:34,35-44,Female,Power BI,3,Basic features are lacking.
2026-04-16 19:40:34,45+,Male,Power BI,5,I love the open source community.
2026-04-04 02:07:34,25-34,Non-Binary,R,3,I love the open source community.
2026-03-28 04:14:34,35-44,Female,Tableau,1,Basic features are lacking.
2026-04-11 11:21:34,45+,Non-Binary,R,2,Could be faster.
2026-04-16 19:07:34,45+,Male,Tableau,5,"Great tool, highly recommended!"
2026-04-12 19:38:34,25-34,Male,Excel,3,Could be faster.
2026-04-09 13:37:34,18-24,Female,Power BI,4,I love the open source community.
2026-04-20 01:52:34,45+,Female,Python,4,Needs better UI.
2026-03-28 11:55:34,35-44,Non-Binary,Python,5,I love the open source community.
2026-03-24 11:57:34,18-24,Male,Excel,3,"Great tool, highly recommended!"
2026-03-22 02:02:34,18-24,Male,Excel,4,I love the open source community.
2026-03-24 22:45:34,45+,Female,R,4,Very useful for my job.
2026-03-25 17:51:34,45+,Female,R,2,Basic features are lacking.
2026-04-19 09:21:34,25-34,Male,Excel,4,Basic features are lacking.
2026-03-29 12:12:34,45+,Female,Power BI,4,Very useful for my job.
2026-03-23 05:34:34,35-44,Female,Tableau,3,Best tool on the market.
2026-04-04 00:24:34,45+,Female,Python,5,Steep learning curve.
2026-04-02 09:34:34,35-44,Non-Binary,Excel,4,"Great tool, highly recommended!"
2026-04-16 12:37:34,35-44,Male,Python,3,Basic features are lacking.
2026-04-16 01:01:34,25-34,Female,Excel,5,Steep learning curve.
2026-04-09 21:51:34,35-44,Female,R,3,Needs better UI.
2026-04-18 11:53:34,18-24,Male,Tableau,2,Needs better UI.
2026-04-08 02:58:34,25-34,Male,Excel,2,Could be faster.
2026-04-13 04:23:34,25-34,Male,Power BI,5,Could be faster.
2026-04-06 08:10:34,35-44,Female,Excel,4,Basic features are lacking.
2026-04-20 00:59:34,35-44,Female,Tableau,1,Needs better UI.
2026-03-24 23:07:34,45+,Non-Binary,Power BI,5,Could be faster.
2026-03-23 03:12:34,35-44,Female,Tableau,2,Could be faster.
2026-04-11 14:55:34,35-44,Female,Excel,4,Needs better UI.
2026-04-10 22:42:34,18-24,Female,Power BI,4,Could be faster.
2026-04-19 10:26:34,18-24,Female,Tableau,3,Best tool on the market.
2026-04-10 04:19:34,25-34,Male,Python,4,Best tool on the market.
2026-04-04 18:18:34,25-34,Female,R,5,I love the open source community.
2026-04-04 02:54:34,45+,Female,R,2,Basic features are lacking.
2026-04-09 19:05:34,45+,Female,Excel,3,"Great tool, highly recommended!"
2026-04-12 02:25:34,45+,Male,R,2,Could be faster.
2026-03-24 12:35:34,35-44,Male,Excel,5,Steep learning curve.
2026-04-19 19:06:34,45+,Male,R,4,"Great tool, highly recommended!"
2026-03-22 01:27:34,25-34,Female,R,2,Needs better UI.
2026-04-16 08:25:34,25-34,Female,R,3,Could be faster.
2026-04-13 20:02:34,18-24,Male,R,4,Very useful for my job.
2026-04-07 00:03:34,25-34,Male,Python,5,Very useful for my job.
2026-03-21 03:02:34,25-34,Female,Python,5,Very useful for my job.
2026-03-28 16:20:34,45+,Female,Python,4,Basic features are lacking.
2026-04-04 02:44:34,18-24,Male,R,1,Needs better UI.
2026-04-13 12:45:34,35-44,Male,Python,5,"Great tool, highly recommended!"
2026-04-05 03:39:34,18-24,Female,Tableau,5,Needs better UI.
2026-04-17 17:32:34,25-34,Male,Excel,4,Could be faster.
2026-04-02 10:45:34,35-44,Male,Power BI,4,I love the open source community.
2026-03-24 13:19:34,25-34,Male,R,3,I love the open source community.
2026-03-31 05:37:34,45+,Female,Excel,4,I love the open source community.
2026-03-31 12:28:34,35-44,Female,Tableau,4,Needs better UI.
2026-03-22 17:17:34,45+,Male,Excel,5,Very useful for my job.
2026-04-06 16:49:34,35-44,Female,Tableau,4,Could be faster.
2026-04-17 13:00:34,45+,Female,Python,5,Best tool on the market.
2026-04-09 00:34:34,18-24,Female,R,1,Steep learning curve.
2026-04-11 06:26:34,18-24,Male,Power BI,4,Could be faster.
2026-03-23 23:48:34,25-34,Female,Power BI,5,"Great tool, highly recommended!"
2026-04-09 13:05:34,35-44,Male,Excel,4,Best tool on the market.
2026-04-19 01:34:34,18-24,Male,R,1,Basic features are lacking.
2026-03-22 19:59:34,18-24,Male,Power BI,4,Steep learning curve.
2026-04-02 04:41:34,35-44,Male,Excel,4,Could be faster.
2026-04-14 09:50:34,18-24,Female,R,1,Steep learning curve.
2026-04-14 10:15:34,18-24,Male,Tableau,2,Basic features are lacking.
2026-04-09 05:38:34,35-44,Male,Power BI,5,Needs better UI.
2026-04-01 04:19:34,35-44,Female,Power BI,5,Basic features are lacking.
2026-04-06 12:31:34,18-24,Male,Power BI,5,"Great tool, highly recommended!"
2026-03-20 21:31:34,25-34,Female,Excel,3,Best tool on the market.
2026-03-30 18:12:34,45+,Female,R,4,Very useful for my job.
2026-04-02 08:57:34,25-34,Female,Excel,3,Needs better UI.
2026-04-02 14:14:34,45+,Male,Python,4,Could be faster.
2026-04-08 04:48:34,45+,Female,Tableau,4,Best tool on the market.
2026-03-24 03:13:34,35-44,Male,Power BI,5,Basic features are lacking.
2026-04-16 14:10:34,35-44,Male,Python,5,Steep learning curve.
2026-04-03 09:37:34,18-24,Male,Excel,4,Could be faster.
2026-03-28 02:01:34,25-34,Male,Python,5,Steep learning curve.
2026-04-18 02:34:34,25-34,Male,R,1,Could be faster.
2026-03-26 20:50:34,25-34,Female,Python,4,Very useful for my job.
2026-04-20 11:43:34,45+,Female,Power BI,4,Basic features are lacking.
2026-04-11 09:53:34,35-44,Female,Excel,3,Very useful for my job.
2026-04-03 17:42:34,45+,Female,Excel,5,"Great tool, highly recommended!"
2026-04-01 07:16:34,35-44,Male,Python,4,"Great tool, highly recommended!"
2026-04-01 00:16:34,18-24,Female,Power BI,5,I love the open source community.
2026-04-04 09:47:34,18-24,Male,Power BI,5,Steep learning curve.
2026-03-31 10:42:34,25-34,Female,Tableau,4,Needs better UI.
2026-04-15 01:57:34,18-24,Female,R,3,"Great tool, highly recommended!"
2026-03-28 13:40:34,45+,Female,Power BI,5,Very useful for my job.
2026-04-01 03:10:34,35-44,Male,Excel,4,"Great tool, highly recommended!"
2026-04-15 11:53:34,35-44,Male,Python,4,I love the open source community.
2026-03-29 23:58:34,25-34,Male,Power BI,5,Very useful for my job.
2026-04-19 02:31:34,45+,Male,Python,4,Best tool on the market.
2026-04-07 03:53:34,35-44,Female,Power BI,3,Needs better UI.
2026-04-10 12:39:34,35-44,Male,Excel,4,Very useful for my job.
2026-04-19 21:33:34,45+,Male,R,2,Steep learning curve.
2026-03-23 01:06:34,18-24,Female,Power BI,5,"Great tool, highly recommended!"
2026-04-11 02:08:34,25-34,Female,R,5,Very useful for my job.
2026-03-26 14:01:34,25-34,Female,Python,5,I love the open source community.
2026-04-01 12:58:34,25-34,Non-Binary,Power BI,4,Best tool on the market.
2026-04-14 15:02:34,45+,Male,R,1,Could be faster.
2026-04-20 07:09:34,25-34,Male,Power BI,5,Basic features are lacking.
2026-04-04 01:01:34,45+,Female,Tableau,3,Very useful for my job.
2026-04-15 22:03:34,25-34,Female,Python,5,Basic features are lacking.
2026-04-17 02:47:34,18-24,Female,Power BI,5,Needs better UI.
2026-03-29 18:00:34,25-34,Male,Power BI,5,Very useful for my job.
2026-04-16 04:17:34,25-34,Female,Excel,3,"Great tool, highly recommended!"
2026-04-02 16:37:34,35-44,Male,Python,4,Could be faster.
2026-03-27 15:32:34,18-24,Female,Excel,5,Very useful for my job.
2026-03-24 16:30:34,45+,Female,R,3,Basic features are lacking.
2026-04-04 10:12:34,18-24,Male,R,2,Steep learning curve.
2026-04-07 14:50:34,45+,Male,Excel,4,Steep learning curve.
2026-03-29 18:15:34,25-34,Male,Power BI,5,Basic features are lacking.
2026-03-22 19:05:34,45+,Female,Python,5,Steep learning curve.
2026-04-11 19:30:34,45+,Male,Excel,4,Steep learning curve.
2026-04-08 04:23:34,18-24,Female,Excel,2,Needs better UI.
2026-04-20 07:46:34,18-24,Male,Tableau,3,"Great tool, highly recommended!"
2026-04-10 03:35:34,35-44,Female,Excel,5,Needs better UI.
2026-03-31 22:58:34,18-24,Female,Excel,3,Very useful for my job.
2026-03-22 02:46:34,35-44,Female,R,3,Basic features are lacking.
2026-04-12 06:52:34,25-34,Female,Python,5,Basic features are lacking.
2026-03-22 00:24:34,18-24,Female,Python,5,Could be faster.
2026-04-19 00:44:34,45+,Non-Binary,Power BI,5,Basic features are lacking.
2026-03-28 17:00:34,25-34,Male,Python,5,Could be faster.
2026-03-28 19:03:34,35-44,Male,Tableau,3,Basic features are lacking.
2026-04-18 03:33:34,25-34,Female,Tableau,2,Could be faster.
2026-04-19 07:29:34,18-24,Female,Python,5,I love the open source community.
2026-04-08 20:46:34,35-44,Male,Python,5,Could be faster.
2026-04-11 00:31:34,45+,Female,Tableau,4,Very useful for my job.
2026-04-12 05:34:34,45+,Male,Excel,5,I love the open source community.
2026-03-29 12:02:34,18-24,Male,Tableau,3,Could be faster.
2026-04-06 14:55:34,25-34,Female,R,3,Basic features are lacking.
2026-03-21 19:16:34,25-34,Female,Excel,4,Could be faster.
2026-04-02 09:14:34,25-34,Female,Excel,4,Could be faster.
2026-04-03 17:48:34,25-34,Female,Tableau,4,Could be faster.
2026-04-09 23:27:34,18-24,Male,R,4,Basic features are lacking.
2026-04-06 04:10:34,18-24,Male,Excel,5,Basic features are lacking.
2026-03-27 10:30:34,45+,Male,R,3,Needs better UI.
2026-04-03 21:09:34,45+,Non-Binary,Excel,3,Could be faster.
2026-04-11 17:47:34,35-44,Female,R,1,Steep learning curve.
2026-04-15 02:44:34,25-34,Male,R,3,Very useful for my job.
2026-03-28 06:13:34,35-44,Female,Excel,2,Basic features are lacking.
2026-04-15 08:20:34,18-24,Male,Tableau,3,Basic features are lacking.
2026-04-06 05:01:34,45+,Female,Python,5,Very useful for my job.
2026-03-31 11:16:34,45+,Male,Power BI,4,Could be faster.
2026-03-25 08:52:34,25-34,Female,R,3,I love the open source community.
2026-04-05 17:05:34,18-24,Female,Excel,2,Steep learning curve.
2026-03-26 02:11:34,25-34,Male,Power BI,3,Best tool on the market.
2026-04-16 17:28:34,25-34,Female,Power BI,5,Best tool on the market.
2026-03-25 11:31:34,18-24,Female,R,3,Very useful for my job.
2026-03-26 12:51:34,35-44,Female,Power BI,4,"Great tool, highly recommended!"
2026-04-15 15:17:34,18-24,Female,Power BI,5,Best tool on the market.
2026-04-09 22:01:34,45+,Female,Python,5,Basic features are lacking.
2026-04-18 11:46:34,35-44,Female,Excel,3,Basic features are lacking.
2026-03-28 12:37:34,35-44,Male,Python,5,Very useful for my job.
2026-04-04 04:42:34,45+,Male,Power BI,3,Very useful for my job.
2026-03-31 13:32:34,35-44,Non-Binary,R,1,Could be faster.
2026-04-06 08:18:34,35-44,Male,Python,5,Best tool on the market.
2026-04-03 22:21:34,18-24,Male,Tableau,3,I love the open source community.
2026-03-27 21:04:34,35-44,Female,Excel,4,Steep learning curve.
2026-04-13 20:43:34,45+,Female,Excel,4,Basic features are lacking.
2026-03-20 17:37:34,45+,Non-Binary,R,5,Could be faster.
2026-03-21 16:30:34,45+,Female,Tableau,3,Best tool on the market.
2026-04-06 16:06:34,18-24,Male,Excel,3,Could be faster.
2026-04-14 03:35:34,18-24,Male,Power BI,5,Steep learning curve.
2026-04-01 08:30:34,18-24,Male,Tableau,2,Could be faster.
2026-04-16 10:55:34,18-24,Male,Python,4,I love the open source community.
2026-04-01 01:47:34,35-44,Female,R,1,Basic features are lacking.
2026-04-05 16:14:34,18-24,Male,Excel,2,Basic features are lacking.
2026-04-06 05:21:34,25-34,Male,Power BI,5,Could be faster.
2026-03-26 03:51:34,35-44,Female,Power BI,5,Basic features are lacking.
2026-04-12 09:31:34,45+,Female,Excel,4,Could be faster.
2026-04-10 18:38:34,35-44,Female,Python,4,Basic features are lacking.
2026-03-29 12:02:34,25-34,Female,Power BI,4,Basic features are lacking.
2026-03-26 07:52:34,45+,Male,R,2,Needs better UI.
2026-04-08 13:19:34,25-34,Male,Excel,3,I love the open source community.
2026-03-25 04:56:34,25-34,Male,Power BI,5,Basic features are lacking.
2026-04-17 14:58:34,18-24,Female,Power BI,5,Steep learning curve.
2026-04-07 01:54:34,45+,Female,Excel,4,Very useful for my job.
2026-04-04 08:33:34,35-44,Female,Excel,3,Basic features are lacking.
2026-03-26 22:29:34,35-44,Male,Excel,5,Best tool on the market.
2026-04-11 21:56:34,45+,Male,Excel,4,Best tool on the market.
2026-03-29 18:48:34,45+,Female,Tableau,3,Could be faster.
2026-04-19 19:30:34,18-24,Male,Python,5,Could be faster.
2026-04-19 05:53:34,35-44,Female,R,3,Steep learning curve.
2026-04-16 08:29:34,35-44,Male,Power BI,4,Steep learning curve.
2026-03-27 16:54:34,25-34,Female,Python,4,Needs better UI.
2026-04-03 01:57:34,45+,Male,R,4,"Great tool, highly recommended!"
2026-04-20 09:11:34,25-34,Male,Tableau,1,Basic features are lacking.
2026-04-09 22:00:34,35-44,Male,Python,4,Needs better UI.
2026-04-10 09:26:34,18-24,Female,R,1,Basic features are lacking.
2026-04-17 21:11:34,18-24,Non-Binary,Tableau,1,Basic features are lacking.
2026-03-26 15:07:34,35-44,Female,Python,5,Best tool on the market.
2026-04-08 10:18:34,35-44,Male,Power BI,5,Basic features are lacking.
2026-04-17 20:06:34,45+,Male,Python,4,Could be faster.
2026-03-26 14:41:34,35-44,Female,Python,3,Could be faster.
2026-04-15 00:48:34,25-34,Male,Tableau,3,I love the open source community.
2026-04-06 01:17:34,45+,Female,R,3,Very useful for my job.
2026-04-05 02:11:34,25-34,Male,Tableau,2,Steep learning curve.
2026-04-03 23:33:34,35-44,Female,Power BI,4,"Great tool, highly recommended!"
2026-03-29 11:35:34,25-34,Male,Python,4,Basic features are lacking.
2026-03-29 20:37:34,35-44,Female,Excel,4,Could be faster.
2026-04-08 22:26:34,25-34,Male,Tableau,3,Could be faster.
2026-04-03 13:47:34,45+,Female,R,1,Steep learning curve.
2026-04-11 11:07:34,18-24,Female,Power BI,4,Could be faster.
2026-03-23 09:19:34,18-24,Female,Power BI,5,Steep learning curve.
2026-04-08 08:21:34,25-34,Male,Power BI,5,Basic features are lacking.
2026-03-24 12:25:34,45+,Male,Power BI,5,Basic features are lacking.
2026-04-14 16:41:34,25-34,Female,Tableau,3,"Great tool, highly recommended!"
2026-04-07 05:55:34,35-44,Female,Tableau,2,Could be faster.
2026-04-15 15:59:34,25-34,Female,Python,3,I love the open source community.
2026-04-01 13:16:34,18-24,Female,Python,5,Basic features are lacking.
2026-03-22 00:38:34,25-34,Female,Tableau,1,Could be faster.
2026-04-18 03:40:34,45+,Male,Power BI,5,Very useful for my job.
2026-04-10 02:19:34,25-34,Non-Binary,Tableau,5,Very useful for my job.
2026-04-12 23:05:34,18-24,Female,Excel,4,Basic features are lacking.
2026-04-11 14:46:34,45+,Female,R,3,Steep learning curve.
2026-04-04 02:21:34,35-44,Male,Python,5,"Great tool, highly recommended!"
2026-04-15 12:38:34,18-24,Male,Python,4,Needs better UI.
2026-04-08 16:40:34,18-24,Male,Python,5,I love the open source community.
2026-04-03 22:46:34,25-34,Female,Python,5,Very useful for my job.
2026-04-06 00:26:34,35-44,Female,Excel,3,Steep learning curve.
2026-03-29 19:54:34,25-34,Male,Excel,5,"Great tool, highly recommended!"
2026-04-07 10:08:34,25-34,Female,Tableau,5,Basic features are lacking.
2026-03-22 02:53:34,45+,Female,Excel,3,I love the open source community.
2026-04-02 19:31:34,45+,Male,Power BI,3,Basic features are lacking.
2026-03-27 22:31:34,25-34,Female,Python,4,I love the open source community.
2026-04-20 04:47:34,25-34,Male,Excel,2,Steep learning curve.
2026-03-31 11:17:34,45+,Female,Python,3,Steep learning curve.
2026-03-21 23:36:34,18-24,Female,R,3,Steep learning curve.
2026-04-04 22:07:34,35-44,Male,Python,3,Steep learning curve.
2026-04-18 21:59:34,18-24,Female,Tableau,3,Steep learning curve.
2026-04-12 10:57:34,25-34,Male,R,4,Could be faster.
2026-04-14 00:36:34,45+,Female,Excel,2,Could be faster.
2026-03-29 02:44:34,45+,Male,Tableau,4,Could be faster.
2026-04-18 21:35:34,35-44,Male,Power BI,4,Steep learning curve.
2026-04-12 19:13:34,35-44,Female,Power BI,4,I love the open source community.
2026-03-29 19:24:34,35-44,Male,Power BI,5,Steep learning curve.
2026-04-05 08:53:34,35-44,Male,Tableau,3,Basic features are lacking.
2026-04-03 20:58:34,35-44,Male,Power BI,5,Basic features are lacking.
2026-03-26 08:53:34,18-24,Female,Python,5,"Great tool, highly recommended!"
2026-04-13 15:38:34,25-34,Female,R,4,Needs better UI.
2026-04-11 19:12:34,25-34,Female,Excel,3,"Great tool, highly recommended!"
2026-04-09 11:54:34,45+,Female,Python,4,"Great tool, highly recommended!"
2026-04-07 08:38:34,18-24,Male,Excel,4,Best tool on the market.
2026-03-21 08:04:34,45+,Female,R,4,Needs better UI.
2026-04-18 18:45:34,25-34,Male,Power BI,5,Best tool on the market.
2026-04-16 02:29:34,45+,Male,Tableau,3,Basic features are lacking.
2026-04-07 22:56:34,25-34,Male,Python,4,"Great tool, highly recommended!"
2026-03-23 03:36:34,45+,Female,Python,5,"Great tool, highly recommended!"
2026-04-11 20:17:34,45+,Female,Excel,3,Needs better UI.
2026-04-18 08:10:34,18-24,Male,Power BI,5,Basic features are lacking.
2026-03-28 17:11:34,18-24,Female,Excel,5,"Great tool, highly recommended!"
2026-03-26 01:13:34,25-34,Female,Tableau,3,Needs better UI.
2026-03-29 20:48:34,25-34,Female,Tableau,4,Could be faster.
2026-04-02 14:20:34,18-24,Female,Excel,4,"Great tool, highly recommended!"
2026-03-24 04:26:34,18-24,Male,Power BI,4,I love the open source community.
2026-04-14 01:13:34,35-44,Female,Tableau,5,Basic features are lacking.
2026-03-28 02:47:34,45+,Male,Power BI,5,I love the open source community.
2026-03-23 10:30:34,25-34,Female,Python,5,Best tool on the market.
2026-03-25 03:57:34,25-34,Female,Excel,3,Could be faster.
2026-03-23 17:12:34,35-44,Male,Excel,5,Needs better UI.
2026-03-24 17:23:34,45+,Male,Power BI,4,I love the open source community.
2026-03-23 15:17:34,35-44,Female,Power BI,3,Could be faster.
2026-04-17 03:12:34,35-44,Male,Python,5,Steep learning curve.
2026-04-08 07:22:34,45+,Male,Excel,2,Could be faster.
2026-03-29 06:21:34,18-24,Male,Excel,3,I love the open source community.
2026-03-30 07:02:34,18-24,Male,R,5,Basic features are lacking.
2026-04-09 10:24:34,45+,Male,Excel,5,"Great tool, highly recommended!"
2026-04-20 03:33:34,45+,Female,Excel,4,Basic features are lacking.
2026-03-31 05:04:34,25-34,Male,Power BI,5,Steep learning curve.
2026-04-05 01:23:34,45+,Non-Binary,Excel,4,Basic features are lacking.
2026-04-20 10:02:34,25-34,Male,Excel,3,I love the open source community.
2026-03-31 19:11:34,25-34,Female,Power BI,4,Very useful for my job.
2026-04-11 08:13:34,45+,Female,R,3,Basic features are lacking.
2026-04-15 01:05:34,18-24,Female,Tableau,4,Basic features are lacking.
2026-03-25 11:31:34,25-34,Male,R,4,I love the open source community.
2026-04-15 03:16:34,45+,Non-Binary,Tableau,4,I love the open source community.
2026-04-07 08:11:34,45+,Female,Excel,2,Needs better UI.
2026-03-23 22:54:34,35-44,Male,Power BI,4,"Great tool, highly recommended!"
2026-04-08 11:55:34,45+,Non-Binary,Excel,2,Basic features are lacking.
2026-03-23 15:18:34,35-44,Male,Power BI,5,Steep learning curve.
2026-04-04 02:37:34,45+,Female,Power BI,4,Very useful for my job.
2026-03-31 15:42:34,18-24,Male,Python,5,Needs better UI.
2026-04-16 14:21:34,35-44,Male,Tableau,3,Steep learning curve.
2026-04-06 06:34:34,45+,Male,Tableau,2,Could be faster.
2026-03-23 00:14:34,18-24,Male,Excel,3,Needs better UI.
2026-04-10 21:11:34,25-34,Female,Power BI,5,Very useful for my job.
2026-03-31 08:39:34,45+,Male,Tableau,3,Very useful for my job.
2026-03-26 11:54:34,45+,Male,Power BI,4,Steep learning curve.
2026-04-04 09:39:34,45+,Male,R,1,Steep learning curve.
2026-03-29 14:03:34,18-24,Female,Power BI,5,Very useful for my job.
2026-04-01 01:24:34,45+,Male,Tableau,1,Could be faster.
2026-04-09 03:51:34,45+,Female,Excel,5,Could be faster.
2026-04-17 05:51:34,25-34,Female,Excel,4,Needs better UI.
2026-04-10 19:32:34,18-24,Male,Python,3,Very useful for my job.
2026-04-01 13:21:34,45+,Male,R,1,Basic features are lacking.
2026-04-02 20:43:34,25-34,Female,Tableau,5,Best tool on the market.
2026-03-24 20:32:34,45+,Female,Excel,3,"Great tool, highly recommended!"
2026-04-04 19:24:34,45+,Non-Binary,Power BI,4,Basic features are lacking.
2026-04-03 12:43:34,45+,Female,Tableau,4,Basic features are lacking.
2026-03-25 17:48:34,18-24,Female,R,5,Best tool on the market.
2026-03-21 23:26:34,35-44,Male,Tableau,5,Basic features are lacking.
2026-04-07 07:19:34,18-24,Male,Power BI,5,Could be faster.
2026-04-06 17:00:34,45+,Female,Tableau,3,Needs better UI.
2026-04-13 12:00:34,25-34,Male,Python,3,Basic features are lacking.
2026-03-29 03:07:34,18-24,Male,Python,5,Steep learning curve.
2026-03-27 14:49:34,35-44,Female,Power BI,5,I love the open source community.
2026-03-26 10:20:34,25-34,Female,Python,4,Could be faster.
2026-04-06 23:50:34,25-34,Male,Excel,5,Best tool on the market.
2026-04-08 00:06:34,18-24,Male,Tableau,2,Needs better UI.
2026-03-29 11:20:34,25-34,Male,Excel,4,Steep learning curve.
2026-04-14 12:37:34,45+,Male,Excel,2,Basic features are lacking.
2026-04-02 05:16:34,18-24,Male,Excel,4,Could be faster.
2026-04-04 06:32:34,18-24,Female,Python,3,Basic features are lacking.
2026-04-10 12:56:34,35-44,Female,Power BI,4,I love the open source community.
2026-03-27 05:04:34,25-34,Female,Excel,3,Best tool on the market.
2026-03-31 08:48:34,25-34,Female,Tableau,3,Could be faster.
2026-04-18 13:00:34,18-24,Male,Tableau,4,"Great tool, highly recommended!"
2026-03-23 20:40:34,45+,Male,Tableau,3,Steep learning curve.
2026-04-11 20:08:34,35-44,Male,Excel,5,Needs better UI.
2026-04-10 02:28:34,18-24,Male,R,3,"Great tool, highly recommended!"
2026-04-02 11:31:34,25-34,Male,Python,4,Needs better UI.
2026-03-20 21:42:34,18-24,Male,R,4,Basic features are lacking.
2026-03-20 15:56:34,35-44,Female,Tableau,2,Steep learning curve.
2026-04-04 17:26:34,45+,Male,Python,5,Needs better UI.
2026-03-31 03:08:34,35-44,Male,R,1,Steep learning curve.
2026-03-23 07:48:34,18-24,Female,R,5,Basic features are lacking.
2026-04-01 14:25:34,25-34,Female,Power BI,3,Basic features are lacking.
2026-04-16 21:17:34,18-24,Male,Python,5,I love the open source community.
2026-04-01 04:32:34,25-34,Male,Python,5,Steep learning curve.
2026-04-07 10:50:34,35-44,Female,Python,5,Best tool on the market.
2026-03-27 07:50:34,25-34,Female,Excel,2,Needs better UI.
2026-04-14 22:43:34,45+,Male,Tableau,3,Needs better UI.
2026-04-05 15:35:34,35-44,Male,Power BI,5,I love the open source community.
2026-04-01 08:55:34,25-34,Female,Python,5,"Great tool, highly recommended!"
2026-04-07 17:12:34,35-44,Male,Python,5,I love the open source community.
2026-04-06 00:52:34,45+,Male,Tableau,3,Needs better UI.
2026-04-10 08:46:34,25-34,Male,Excel,4,Needs better UI.
2026-04-05 22:03:34,25-34,Female,Tableau,3,Needs better UI.
2026-03-30 13:39:34,25-34,Male,Python,5,I love the open source community.
2026-03-24 05:51:34,18-24,Male,R,5,Needs better UI.
2026-03-21 13:20:34,18-24,Male,Excel,2,Could be faster.
2026-03-26 02:20:34,35-44,Female,Python,4,"Great tool, highly recommended!"
2026-03-31 04:29:34,18-24,Male,Power BI,5,Needs better UI.
2026-04-05 05:44:34,35-44,Male,Power BI,5,Very useful for my job.
2026-03-31 20:28:34,18-24,Female,Python,4,Steep learning curve.
2026-04-13 07:12:34,18-24,Female,Python,5,Steep learning curve.
2026-03-22 06:35:34,45+,Female,R,2,Needs better UI.
2026-04-07 13:59:34,45+,Male,R,2,Basic features are lacking.
2026-04-19 14:32:34,35-44,Female,Power BI,4,Could be faster.
2026-03-24 07:55:34,18-24,Male,Power BI,4,"Great tool, highly recommended!"
2026-04-20 03:16:34,45+,Female,Excel,4,Could be faster.
2026-03-23 08:41:34,18-24,Male,Excel,2,Could be faster.
2026-04-13 10:27:34,45+,Male,Tableau,5,Steep learning curve.
2026-04-13 09:00:34,25-34,Male,Tableau,5,"Great tool, highly recommended!"
2026-04-19 15:22:08,45+,Female,Tableau,4,Basic features are lacking.
2026-04-19 15:25:53,18-24,Male,Python,3,Basic features are lacking.
2026-04-19 15:25:55,18-24,Male,R,2,Great tool!
2026-04-19 15:25:57,35-44,Male,Python,5,Basic features are lacking.
2026-04-19 15:25:59,18-24,Male,Python,3,Needs better UI.
2026-04-19 15:26:01,35-44,Male,Power BI,4,Basic features are lacking.
2026-04-19 15:26:03,25-34,Female,R,3,Great tool!
2026-04-19 15:26:05,18-24,Male,Power BI,5,Very useful.
2026-04-19 15:26:07,18-24,Female,Power BI,3,Needs better UI.
2026-04-19 15:26:09,25-34,Female,Power BI,3,Basic features are lacking.
2026-04-19 15:26:11,18-24,Male,Python,5,Great tool!
2026-04-19 15:26:13,25-34,Male,Power BI,4,Very useful.
2026-04-19 15:26:15,18-24,Non-Binary,Excel,2,Great tool!
2026-04-19 15:26:17,35-44,Male,R,1,Needs better UI.
2026-04-19 15:26:19,35-44,Female,Python,3,Great tool!
2026-04-19 15:26:21,18-24,Female,R,5,Great tool!
2026-04-19 15:26:23,18-24,Female,R,5,Needs better UI.
2026-04-19 15:26:26,35-44,Female,Python,3,Great tool!
2026-04-19 15:26:28,35-44,Female,Tableau,4,Needs better UI.
2026-04-19 15:26:30,18-24,Female,Python,3,Basic features are lacking.
2026-04-19 15:26:32,18-24,Female,Python,4,Basic features are lacking.
2026-04-19 15:26:34,18-24,Male,R,5,Basic features are lacking.
2026-04-19 15:26:36,45+,Male,Tableau,4,Great tool!
2026-04-19 15:26:38,18-24,Non-Binary,R,3,Great tool!
2026-04-19 15:26:40,45+,Male,Tableau,5,Basic features are lacking.
2026-04-19 15:26:42,25-34,Female,Python,5,Very useful.
2026-04-19 15:26:44,25-34,Male,Tableau,1,Basic features are lacking.
2026-04-19 15:26:46,25-34,Female,Python,3,Needs better UI.
2026-04-19 15:26:48,25-34,Female,Tableau,2,Great tool!
2026-04-19 15:26:50,18-24,Male,Tableau,5,Needs better UI.
2026-04-19 15:26:52,25-34,Male,Tableau,5,Great tool!
2026-04-19 15:26:54,25-34,Non-Binary,Power BI,4,Basic features are lacking.
2026-04-19 15:26:56,25-34,Male,Power BI,3,Needs better UI.
2026-04-19 15:26:58,18-24,Male,Python,5,Very useful.
2026-04-19 15:27:00,45+,Non-Binary,R,5,Basic features are lacking.
2026-04-19 15:27:02,25-34,Female,Tableau,1,Very useful.
2026-04-19 15:27:04,45+,Female,Python,3,Very useful.
2026-04-19 15:27:06,45+,Female,Python,5,Great tool!
2026-04-19 15:27:08,25-34,Female,Tableau,2,Great tool!
2026-04-19 15:27:10,25-34,Male,Tableau,2,Basic features are lacking.
2026-04-19 15:27:12,25-34,Female,Excel,3,Great tool!
2026-04-19 15:27:14,25-34,Female,Power BI,5,Very useful.
2026-04-19 15:27:16,25-34,Male,Excel,2,Great tool!
2026-04-19 15:27:18,18-24,Female,Power BI,4,Very useful.
2026-04-19 15:27:20,45+,Male,Power BI,5,Needs better UI.
2026-04-19 15:27:22,18-24,Male,Python,5,Basic features are lacking.
2026-04-19 15:27:24,35-44,Female,Tableau,4,Basic features are lacking.
2026-04-19 15:27:26,35-44,Male,Python,4,Basic features are lacking.
2026-04-19 15:27:28,18-24,Female,Power BI,3,Great tool!
2026-04-19 15:27:30,35-44,Male,R,4,Great tool!
2026-04-19 15:27:32,25-34,Female,R,4,Great tool!
2026-04-19 15:27:34,45+,Female,R,2,Very useful.
2026-04-19 15:27:36,25-34,Male,Power BI,4,Very useful.
2026-04-19 15:27:38,18-24,Male,R,5,Very useful.
2026-04-19 15:27:40,45+,Female,Python,5,Needs better UI.
2026-04-19 15:27:42,35-44,Female,Excel,1,Basic features are lacking.
2026-04-19 15:27:44,45+,Female,Tableau,2,Needs better UI.
2026-04-19 15:27:46,25-34,Male,Excel,5,Very useful.
2026-04-19 15:27:48,18-24,Female,Excel,3,Great tool!
2026-04-19 15:27:50,45+,Female,Excel,2,Great tool!
2026-04-19 15:27:52,45+,Male,Power BI,4,Great tool!
2026-04-19 15:27:54,45+,Male,R,4,Needs better UI.
2026-04-19 15:27:56,25-34,Male,Excel,5,Great tool!
2026-04-19 15:27:58,35-44,Female,Excel,1,Very useful.
2026-04-19 15:28:00,35-44,Male,Tableau,1,Needs better UI.
2026-04-19 15:28:02,25-34,Male,Python,5,Basic features are lacking.
2026-04-19 15:28:04,25-34,Female,R,1,Basic features are lacking.
2026-04-19 15:28:06,45+,Male,Power BI,5,Great tool!
2026-04-19 15:28:08,45+,Male,Tableau,2,Basic features are lacking.
2026-04-19 15:28:10,25-34,Male,R,3,Very useful.
2026-04-19 15:28:12,45+,Female,R,3,Needs better UI.
2026-04-19 15:28:14,25-34,Female,Python,3,Basic features are lacking.
2026-04-19 15:28:16,25-34,Female,Python,5,Very useful.
2026-04-19 15:28:18,18-24,Male,R,2,Basic features are lacking.
2026-04-19 15:28:20,18-24,Female,R,3,Very useful.
2026-04-19 15:28:22,18-24,Male,Python,5,Basic features are lacking.
2026-04-19 15:28:24,25-34,Female,Python,3,Very useful.
2026-04-19 15:28:26,45+,Male,Power BI,4,Great tool!
2026-04-19 15:28:28,35-44,Female,Excel,5,Needs better UI.
2026-04-19 15:28:30,18-24,Male,Tableau,1,Basic features are lacking.
2026-04-19 15:28:32,25-34,Female,Excel,3,Great tool!
2026-04-19 15:28:34,25-34,Female,R,5,Basic features are lacking.
2026-04-19 15:28:36,25-34,Female,Excel,3,Basic features are lacking.
2026-04-19 15:28:38,25-34,Female,Excel,3,Great tool!
2026-04-19 15:28:40,18-24,Female,Power BI,3,Very useful.
2026-04-19 15:28:42,18-24,Female,Excel,2,Very useful.
2026-04-19 15:28:44,25-34,Female,Tableau,5,Very useful.
2026-04-19 15:28:46,45+,Male,Python,4,Basic features are lacking.
2026-04-19 15:28:48,45+,Female,Python,5,Basic features are lacking.
2026-04-19 15:28:50,35-44,Female,Python,5,Very useful.
2026-04-19 15:28:52,35-44,Female,Python,5,Very useful.
2026-04-19 15:28:54,35-44,Male,Power BI,3,Needs better UI.
2026-04-19 15:28:56,25-34,Male,Power BI,5,Great tool!
2026-04-19 15:28:58,45+,Male,Tableau,4,Needs better UI.
2026-04-19 15:29:00,35-44,Male,Excel,4,Basic features are lacking.
2026-04-19 15:29:02,45+,Female,Excel,3,Needs better UI.
2026-04-19 15:29:04,18-24,Female,Excel,1,Basic features are lacking.
2026-04-19 15:29:06,35-44,Female,Power BI,4,Great tool!
2026-04-19 15:29:08,25-34,Female,Tableau,4,Great tool!
2026-04-19 15:29:10,35-44,Male,Power BI,3,Basic features are lacking.
2026-04-19 15:29:12,18-24,Male,Python,5,Great tool!
2026-04-19 15:29:14,45+,Male,Power BI,4,Great tool!
2026-04-19 15:29:16,18-24,Male,Tableau,3,Great tool!
2026-04-19 15:29:18,25-34,Female,Excel,3,Needs better UI.
2026-04-19 15:29:20,45+,Female,Python,3,Very useful.
2026-04-19 15:29:22,18-24,Female,Python,4,Basic features are lacking.
2026-04-19 15:29:24,35-44,Female,Tableau,5,Very useful.
2026-04-19 15:29:26,35-44,Male,Power BI,3,Great tool!
2026-04-19 15:29:28,45+,Male,R,1,Great tool!
2026-04-19 15:29:30,25-34,Female,Tableau,5,Very useful.
2026-04-19 15:29:32,45+,Male,Tableau,2,Very useful.
2026-04-19 15:29:34,35-44,Female,Excel,4,Needs better UI.
2026-04-19 15:29:36,18-24,Male,Python,4,Great tool!
2026-04-19 15:29:38,25-34,Male,Python,4,Needs better UI.
2026-04-19 15:29:40,18-24,Male,Tableau,5,Needs better UI.
2026-04-19 15:29:42,18-24,Male,R,4,Basic features are lacking.
2026-04-19 15:29:44,45+,Non-Binary,Excel,4,Basic features are lacking.
2026-04-19 15:29:46,35-44,Non-Binary,Tableau,5,Very useful.
2026-04-19 15:29:48,45+,Male,Power BI,4,Basic features are lacking.
2026-04-19 15:29:50,18-24,Female,Tableau,3,Very useful.
2026-04-19 15:29:52,45+,Male,Tableau,5,Basic features are lacking.
2026-04-19 15:29:54,35-44,Female,Python,5,Very useful.
2026-04-19 15:29:56,25-34,Female,Power BI,4,Great tool!
2026-04-19 15:29:58,18-24,Male,R,1,Basic features are lacking.
2026-04-19 15:30:00,35-44,Female,Power BI,5,Needs better UI.
2026-04-19 15:30:02,45+,Male,Excel,5,Great tool!
2026-04-19 15:30:04,35-44,Female,Python,3,Very useful.
2026-04-19 15:30:06,35-44,Female,Python,4,Basic features are lacking.
2026-04-19 15:30:08,18-24,Female,R,2,Needs better UI.
2026-04-19 15:30:10,45+,Male,Excel,4,Basic features are lacking.
2026-04-19 15:30:12,35-44,Male,Excel,4,Very useful.
2026-04-19 15:30:14,35-44,Male,Python,5,Basic features are lacking.
2026-04-19 15:30:16,25-34,Non-Binary,Python,5,Basic features are lacking.
2026-04-19 15:30:18,35-44,Male,R,4,Needs better UI.
2026-04-19 15:30:20,25-34,Male,Python,5,Great tool!
2026-04-19 15:30:22,18-24,Male,Power BI,3,Very useful.
2026-04-19 15:30:24,25-34,Female,Excel,3,Great tool!
2026-04-19 15:37:25,45+,Male,Power BI,3,Needs better UI.
2026-04-19 15:37:27,25-34,Male,R,5,Basic features are lacking.
2026-04-19 15:37:29,18-24,Female,Python,5,Needs better UI.
2026-04-19 15:37:31,25-34,Male,Power BI,5,Basic features are lacking.
2026-04-19 15:37:33,18-24,Male,Excel,1,Basic features are lacking.
2026-04-19 15:37:35,25-34,Female,R,2,Very useful.
2026-04-19 15:37:37,18-24,Male,Power BI,4,Needs better UI.
2026-04-19 15:37:39,25-34,Male,Power BI,4,Great tool!
2026-04-19 15:37:41,18-24,Non-Binary,Excel,2,Basic features are lacking.
2026-04-19 15:37:43,45+,Male,Excel,4,Basic features are lacking.
2026-04-19 15:37:45,25-34,Male,Power BI,5,Basic features are lacking.
2026-04-19 15:37:47,25-34,Male,Excel,5,Basic features are lacking.
2026-04-19 15:37:49,25-34,Male,R,4,Needs better UI.
2026-04-19 15:37:51,25-34,Male,R,4,Great tool!
2026-04-19 15:37:53,25-34,Male,R,3,Great tool!
2026-04-19 15:37:55,35-44,Male,Power BI,4,Needs better UI.
2026-04-19 15:37:57,18-24,Male,Python,3,Great tool!
2026-04-19 15:37:59,25-34,Male,Excel,3,Great tool!
2026-04-19 15:38:01,25-34,Female,Tableau,4,Basic features are lacking.
2026-04-19 15:38:03,35-44,Female,Python,5,Very useful.
2026-04-19 15:38:05,18-24,Female,R,3,Basic features are lacking.
2026-04-19 15:38:07,25-34,Non-Binary,Tableau,4,Needs better UI.
2026-04-19 15:38:09,18-24,Female,Excel,1,Very useful.
2026-04-19 15:38:11,35-44,Male,Power BI,5,Basic features are lacking.
2026-04-19 15:38:13,35-44,Female,Python,3,Basic features are lacking.
2026-04-19 15:38:14,18-24,Male,Excel,4,
2026-04-19 15:38:15,35-44,Male,R,2,Basic features are lacking.
2026-04-19 15:38:17,18-24,Female,Excel,4,Needs better UI.
2026-04-19 15:38:18,18-24,Male,Excel,4,
2026-04-19 15:38:19,25-34,Male,Tableau,5,Very useful.
2026-04-19 15:38:21,35-44,Male,R,5,Very useful.
2026-04-19 15:38:23,18-24,Female,Tableau,5,Very useful.
2026-04-19 15:38:25,35-44,Female,Tableau,4,Basic features are lacking.
2026-04-19 15:38:27,45+,Female,Tableau,4,Basic features are lacking.
2026-04-19 15:38:29,35-44,Male,Excel,2,Great tool!
2026-04-19 15:38:31,18-24,Female,Python,5,Great tool!
2026-04-19 15:38:33,25-34,Male,Excel,3,Great tool!
2026-04-19 15:38:36,35-44,Male,Tableau,4,Needs better UI.
2026-04-19 15:38:38,25-34,Female,Python,3,Needs better UI.
2026-04-19 15:38:40,18-24,Non-Binary,R,1,Great tool!
2026-04-19 15:38:42,18-24,Male,Excel,1,Very useful.
2026-04-19 15:38:44,18-24,Male,R,5,Very useful.
2026-04-19 15:38:46,35-44,Female,Excel,2,Very useful.
2026-04-19 15:38:48,35-44,Female,Tableau,3,Needs better UI.
2026-04-19 15:38:50,25-34,Female,Power BI,4,Great tool!
2026-04-19 15:38:52,25-34,Male,Excel,4,Needs better UI.
2026-04-19 15:38:54,35-44,Female,R,1,Basic features are lacking.
2026-04-19 15:38:56,18-24,Male,Power BI,4,Very useful.
2026-04-19 15:38:58,45+,Female,Tableau,5,Basic features are lacking.
2026-04-19 15:39:00,18-24,Male,Tableau,1,Great tool!
2026-04-19 15:39:02,45+,Female,Python,3,Basic features are lacking.
2026-04-19 15:39:04,25-34,Female,Excel,3,Great tool!
2026-04-19 15:39:06,18-24,Male,R,1,Great tool!
2026-04-19 15:39:08,35-44,Male,Tableau,5,Great tool!
2026-04-19 15:39:10,18-24,Male,Tableau,4,Needs better UI.
2026-04-19 15:39:12,18-24,Female,Python,5,Great tool!
2026-04-19 15:39:14,25-34,Male,Tableau,3,Basic features are lacking.
2026-04-19 15:39:16,35-44,Male,Tableau,1,Basic features are lacking.
2026-04-19 15:39:18,35-44,Female,Python,4,Basic features are lacking.
2026-04-19 15:39:20,18-24,Female,Tableau,3,Basic features are lacking.
2026-04-19 15:39:22,18-24,Female,Power BI,5,Great tool!
2026-04-19 15:39:24,35-44,Female,Python,4,Needs better UI.
2026-04-19 15:39:26,18-24,Female,R,4,Great tool!
2026-04-19 15:39:28,25-34,Female,Python,3,Very useful.
2026-04-19 15:39:30,35-44,Male,Tableau,5,Basic features are lacking.
2026-04-19 15:39:32,25-34,Female,R,1,Great tool!
2026-04-19 15:39:34,45+,Female,Tableau,3,Basic features are lacking.
2026-04-19 15:39:36,25-34,Female,Python,3,Basic features are lacking.
2026-04-19 15:39:38,18-24,Male,Excel,4,Basic features are lacking.
2026-04-19 15:39:40,25-34,Male,Tableau,1,Very useful.
2026-04-19 15:39:42,35-44,Male,Tableau,5,Very useful.
2026-04-19 15:39:44,45+,Female,R,1,Needs better UI.
2026-04-19 15:39:46,45+,Male,Power BI,5,Great tool!
2026-04-19 15:39:48,45+,Female,Tableau,4,Great tool!
2026-04-19 15:39:50,18-24,Male,Excel,2,Great tool!
2026-04-19 15:39:52,45+,Female,R,4,Basic features are lacking.
2026-04-19 15:39:54,45+,Male,Excel,5,Basic features are lacking.
2026-04-19 15:39:56,35-44,Male,Excel,4,Needs better UI.
2026-04-19 15:39:58,35-44,Male,Python,4,Great tool!
2026-04-19 15:40:00,35-44,Male,R,5,Very useful.
2026-04-19 15:40:02,25-34,Male,Power BI,3,Very useful.
2026-04-19 15:40:04,45+,Female,Python,4,Great tool!
2026-04-19 15:40:06,45+,Female,Excel,1,Great tool!
2026-04-19 15:40:08,18-24,Male,Tableau,4,Needs better UI.
2026-04-19 15:40:10,45+,Female,Python,3,Basic features are lacking.
2026-04-19 15:40:12,18-24,Male,Python,4,Very useful.
2026-04-19 15:40:14,35-44,Male,Tableau,1,Needs better UI.
2026-04-19 15:40:16,25-34,Male,Python,3,Needs better UI.
2026-04-19 15:40:18,45+,Male,R,5,Very useful.
2026-04-19 15:40:20,18-24,Female,Tableau,3,Basic features are lacking.
2026-04-19 15:40:22,25-34,Male,Python,3,Great tool!
2026-04-19 15:40:24,35-44,Female,Power BI,5,Very useful.
2026-04-19 15:40:26,45+,Male,Tableau,3,Basic features are lacking.
2026-04-19 15:40:28,18-24,Non-Binary,Excel,2,Basic features are lacking.
2026-04-19 15:40:30,18-24,Female,Power BI,4,Needs better UI.
2026-04-19 15:40:32,18-24,Female,Excel,1,Very useful.
2026-04-19 15:40:34,18-24,Female,Excel,4,Great tool!
2026-04-19 15:40:36,18-24,Female,R,2,Great tool!
2026-04-19 15:40:38,18-24,Non-Binary,R,1,Very useful.
2026-04-19 15:40:40,25-34,Female,Power BI,3,Needs better UI.
2026-04-19 15:40:42,18-24,Female,Tableau,1,Needs better UI.
2026-04-19 15:40:44,35-44,Male,Tableau,1,Needs better UI.
2026-04-19 15:40:46,35-44,Male,R,1,Basic features are lacking.
2026-04-19 15:40:48,45+,Male,R,3,Very useful.
2026-04-19 15:40:50,25-34,Male,R,5,Great tool!
2026-04-19 15:40:52,18-24,Male,Excel,2,Basic features are lacking.
2026-04-19 15:40:54,35-44,Female,Power BI,4,Very useful.
2026-04-19 15:40:56,25-34,Male,Power BI,4,Basic features are lacking.
2026-04-19 15:40:58,25-34,Male,Python,5,Very useful.
2026-04-19 15:41:00,45+,Male,Power BI,3,Basic features are lacking.
2026-04-19 15:41:02,45+,Male,Tableau,5,Great tool!
2026-04-19 15:41:04,25-34,Female,Tableau,2,Great tool!
2026-04-19 15:41:05,25-34,Female,Power BI,4,
2026-04-19 15:41:06,25-34,Male,Python,4,Needs better UI.
2026-04-19 15:41:08,25-34,Female,Python,5,Very useful.
2026-04-19 15:41:10,35-44,Female,R,3,Great tool!
2026-04-19 15:41:12,18-24,Female,Python,4,Great tool!
2026-04-19 15:41:14,18-24,Male,Tableau,4,Basic features are lacking.
2026-04-19 15:41:16,35-44,Female,Python,5,Needs better UI.
2026-04-19 15:41:18,35-44,Male,R,2,Very useful.
2026-04-19 15:41:20,18-24,Male,Power BI,4,Basic features are lacking.
2026-04-19 15:41:22,18-24,Male,Excel,3,Needs better UI.
2026-04-19 15:41:24,45+,Female,Python,4,Great tool!
2026-04-19 15:41:25,18-24,Male,Python,4,
2026-04-19 15:41:26,25-34,Non-Binary,Power BI,4,Very useful.
2026-04-19 15:41:28,25-34,Female,Excel,1,Needs better UI.
2026-04-19 15:41:30,18-24,Male,Excel,5,Basic features are lacking.
2026-04-19 15:41:32,18-24,Male,Python,4,Very useful.
2026-04-19 15:41:34,45+,Female,R,3,Great tool!
2026-04-19 15:41:36,35-44,Female,Python,5,Great tool!
2026-04-19 15:41:38,25-34,Female,Power BI,3,Very useful.
2026-04-19 15:41:40,25-34,Female,Python,4,Very useful.
2026-04-19 15:41:42,18-24,Male,Tableau,4,Basic features are lacking.
2026-04-19 15:41:44,25-34,Male,Python,3,Needs better UI.
2026-04-19 15:41:46,25-34,Female,R,5,Basic features are lacking.
2026-04-19 15:41:48,18-24,Female,R,1,Needs better UI.
2026-04-19 15:41:50,25-34,Female,Excel,4,Great tool!
2026-04-19 15:41:52,18-24,Female,Python,5,Basic features are lacking.
2026-04-19 15:41:54,45+,Female,Excel,2,Needs better UI.
2026-04-19 15:41:56,45+,Female,R,3,Very useful.
2026-04-19 15:41:58,35-44,Female,R,4,Needs better UI.
2026-04-19 15:42:00,25-34,Female,Python,3,Great tool!
2026-04-19 15:42:02,18-24,Male,Tableau,3,Basic features are lacking.
2026-04-19 15:42:04,45+,Male,Tableau,4,Basic features are lacking.
2026-04-19 15:42:06,45+,Female,Tableau,4,Basic features are lacking.
2026-04-19 15:42:08,35-44,Female,R,3,Needs better UI.
2026-04-19 15:42:10,35-44,Male,Tableau,2,Great tool!
2026-04-19 15:42:12,45+,Female,Tableau,5,Basic features are lacking.
2026-04-19 15:42:14,35-44,Male,R,4,Needs better UI.
2026-04-19 15:42:16,45+,Male,Tableau,5,Very useful.
2026-04-19 15:42:18,45+,Male,Python,5,Very useful.
2026-04-19 15:42:20,25-34,Male,Power BI,3,Basic features are lacking.
2026-04-19 15:42:22,18-24,Non-Binary,Python,4,Very useful.
2026-04-19 15:42:24,18-24,Female,Power BI,4,Great tool!
2026-04-19 15:42:26,25-34,Female,R,4,Basic features are lacking.
2026-04-19 15:42:28,25-34,Female,Python,5,Basic features are lacking.
2026-04-19 15:42:30,25-34,Male,Tableau,3,Great tool!
2026-04-19 15:42:32,35-44,Male,Tableau,2,Needs better UI.
2026-04-19 15:42:34,45+,Male,Excel,1,Very useful.
2026-04-19 15:42:36,45+,Female,R,5,Basic features are lacking.
2026-04-19 15:42:38,18-24,Male,Tableau,1,Very useful.
2026-04-19 15:42:40,35-44,Female,Excel,5,Basic features are lacking.
2026-04-19 15:42:42,18-24,Female,Tableau,5,Needs better UI.
2026-04-19 15:42:45,45+,Male,Tableau,5,Basic features are lacking.
2026-04-19 15:42:47,35-44,Female,R,5,Great tool!
2026-04-19 15:42:49,25-34,Male,Power BI,5,Needs better UI.
2026-04-19 15:42:51,18-24,Female,Excel,1,Great tool!
2026-04-19 15:42:53,35-44,Female,Power BI,4,Great tool!
2026-04-19 15:42:55,25-34,Female,Excel,4,Great tool!
2026-04-19 15:42:57,18-24,Non-Binary,Python,3,Needs better UI.
2026-04-19 15:42:59,25-34,Female,Tableau,1,Basic features are lacking.
2026-04-19 15:43:01,35-44,Female,Power BI,4,Basic features are lacking.
2026-04-19 15:43:03,25-34,Female,Tableau,2,Needs better UI.
2026-04-19 15:43:05,45+,Female,Tableau,3,Very useful.
2026-04-19 15:43:07,35-44,Male,Tableau,4,Great tool!
2026-04-19 15:43:09,18-24,Female,Power BI,3,Great tool!
2026-04-19 15:43:11,18-24,Male,Excel,2,Very useful.
2026-04-19 15:43:13,18-24,Female,Power BI,4,Great tool!
2026-04-19 15:43:15,35-44,Non-Binary,Tableau,1,Needs better UI.
2026-04-19 15:43:17,18-24,Male,Python,4,Very useful.
2026-04-19 15:43:19,25-34,Female,R,4,Very useful.
2026-04-19 15:43:21,35-44,Female,Excel,3,Basic features are lacking.
2026-04-19 15:43:23,35-44,Female,Python,5,Basic features are lacking.
2026-04-19 15:43:25,45+,Female,Power BI,3,Basic features are lacking.
2026-04-19 15:43:27,18-24,Female,Python,5,Needs better UI.
2026-04-19 15:43:29,35-44,Male,Tableau,4,Needs better UI.
2026-04-19 15:43:31,45+,Male,Tableau,2,Great tool!
2026-04-19 15:43:33,35-44,Male,Tableau,5,Very useful.
2026-04-19 15:43:35,25-34,Male,Excel,4,Needs better UI.
2026-04-19 15:43:37,35-44,Male,R,1,Basic features are lacking.
2026-04-19 15:43:39,18-24,Male,R,4,Very useful.
2026-04-19 15:43:41,25-34,Female,Excel,1,Needs better UI.
2026-04-19 15:43:43,45+,Male,R,3,Needs better UI.
2026-04-19 15:43:45,18-24,Female,Python,4,Basic features are lacking.
2026-04-19 15:43:47,18-24,Female,Python,5,Great tool!
2026-04-19 15:43:49,35-44,Male,Python,3,Very useful.
2026-04-19 15:43:51,18-24,Female,Python,5,Great tool!
2026-04-19 15:43:53,18-24,Female,Python,5,Needs better UI.
2026-04-19 15:43:55,45+,Female,Python,3,Basic features are lacking.
2026-04-19 15:43:57,45+,Male,Excel,1,Great tool!
2026-04-19 15:43:59,35-44,Non-Binary,Tableau,1,Needs better UI.
2026-04-19 15:44:01,18-24,Male,R,3,Great tool!
2026-04-19 15:44:03,18-24,Female,Tableau,4,Basic features are lacking.
2026-04-19 15:44:05,45+,Male,Excel,2,Basic features are lacking.
2026-04-19 15:44:07,25-34,Female,Python,5,Great tool!
2026-04-19 15:44:09,45+,Male,R,5,Very useful.
2026-04-19 15:44:11,35-44,Female,R,4,Very useful.
2026-04-19 15:44:13,18-24,Male,Python,3,Great tool!
2026-04-19 15:44:15,35-44,Male,Power BI,5,Very useful.
2026-04-19 15:44:17,45+,Female,Power BI,5,Needs better UI.
2026-04-19 15:44:19,25-34,Female,R,3,Very useful.
2026-04-19 15:44:21,18-24,Non-Binary,Tableau,3,Needs better UI.
2026-04-19 15:44:23,45+,Male,Power BI,4,Basic features are lacking.
2026-04-19 15:44:25,35-44,Female,Excel,3,Basic features are lacking.
2026-04-19 15:44:27,18-24,Female,R,2,Basic features are lacking.
2026-04-19 15:44:29,35-44,Female,Power BI,3,Great tool!
2026-04-19 15:44:31,18-24,Female,Python,3,Basic features are lacking.
2026-04-19 15:44:33,18-24,Female,Tableau,1,Very useful.
2026-04-19 15:44:35,25-34,Female,Excel,1,Basic features are lacking.
2026-04-19 15:44:37,18-24,Female,Tableau,3,Needs better UI.
2026-04-19 15:44:39,18-24,Male,R,1,Very useful.
2026-04-19 15:44:41,35-44,Male,R,4,Basic features are lacking.
2026-04-19 15:44:43,35-44,Male,Python,5,Very useful.
2026-04-19 15:44:45,25-34,Female,Excel,4,Great tool!
2026-04-19 15:44:47,18-24,Male,Tableau,3,Needs better UI.
2026-04-19 15:44:49,45+,Female,R,5,Very useful.
2026-04-19 15:44:51,18-24,Male,Power BI,4,Very useful.
2026-04-19 15:44:53,18-24,Female,R,4,Basic features are lacking.
2026-04-19 15:44:55,35-44,Female,R,4,Very useful.
2026-04-19 15:44:57,25-34,Female,Power BI,3,Very useful.
2026-04-19 15:44:59,35-44,Female,Excel,5,Basic features are lacking.
2026-04-19 15:45:01,45+,Female,Tableau,3,Basic features are lacking.
2026-04-19 15:45:03,25-34,Male,Excel,5,Needs better UI.
2026-04-19 15:45:05,45+,Female,Tableau,3,Great tool!
2026-04-19 15:45:07,18-24,Female,R,3,Basic features are lacking.
2026-04-19 15:45:09,25-34,Male,Power BI,3,Great tool!
2026-04-19 15:45:11,45+,Male,Power BI,4,Great tool!
2026-04-19 15:45:13,35-44,Female,R,1,Needs better UI.
2026-04-19 15:45:15,18-24,Female,Tableau,1,Needs better UI.
2026-04-19 15:45:17,35-44,Male,Python,4,Great tool!
2026-04-19 15:45:19,18-24,Male,Excel,5,Great tool!
2026-04-19 15:45:21,25-34,Male,Excel,4,Basic features are lacking.
2026-04-19 15:45:23,45+,Female,Power BI,3,Basic features are lacking.
2026-04-19 15:45:25,45+,Female,Python,5,Needs better UI.
2026-04-19 15:45:27,45+,Female,Tableau,1,Very useful.
2026-04-19 15:45:29,25-34,Male,Excel,4,Needs better UI.
2026-04-19 15:45:31,35-44,Female,R,3,Great tool!
2026-04-19 15:45:33,18-24,Female,Excel,3,Very useful.
2026-04-19 15:45:35,35-44,Female,Python,5,Needs better UI.
2026-04-19 15:45:37,25-34,Female,Power BI,3,Needs better UI.
2026-04-19 15:45:39,25-34,Female,R,1,Needs better UI.
2026-04-19 15:45:41,18-24,Female,Power BI,3,Great tool!
2026-04-19 15:45:43,25-34,Male,R,3,Very useful.
2026-04-19 15:45:45,25-34,Female,Python,4,Great tool!
2026-04-19 15:45:47,18-24,Male,R,1,Very useful.
2026-04-19 15:45:49,35-44,Female,Tableau,3,Great tool!
2026-04-19 15:45:51,35-44,Male,Python,3,Very useful.
2026-04-19 15:45:53,45+,Female,Python,5,Basic features are lacking.
2026-04-19 15:45:55,25-34,Female,Python,3,Great tool!
2026-04-19 15:45:57,18-24,Female,Tableau,2,Needs better UI.
2026-04-19 15:45:59,18-24,Male,R,3,Very useful.
2026-04-19 15:46:01,25-34,Male,Tableau,2,Needs better UI.
2026-04-19 15:46:03,35-44,Non-Binary,Power BI,3,Basic features are lacking.
2026-04-19 15:46:05,45+,Female,Python,4,Great tool!
2026-04-19 15:46:07,25-34,Female,R,5,Very useful.
2026-04-19 15:46:09,45+,Male,R,1,Basic features are lacking.
2026-04-19 15:46:11,45+,Female,Tableau,1,Very useful.
2026-04-19 15:46:13,45+,Female,Power BI,4,Great tool!
2026-04-19 15:46:15,35-44,Female,Tableau,2,Basic features are lacking.
2026-04-19 15:46:17,35-44,Male,Excel,4,Needs better UI.
2026-04-19 15:46:19,25-34,Male,Python,4,Very useful.
2026-04-19 15:46:21,25-34,Female,Excel,4,Needs better UI.
2026-04-19 15:46:23,18-24,Female,R,4,Very useful.
2026-04-19 15:46:25,45+,Female,R,2,Needs better UI.
2026-04-19 15:46:27,45+,Male,Excel,3,Very useful.
2026-04-19 15:46:29,35-44,Female,R,1,Great tool!
2026-04-19 15:46:31,18-24,Female,Excel,2,Basic features are lacking.
2026-04-19 15:46:33,35-44,Female,Tableau,3,Great tool!
2026-04-19 15:46:35,45+,Male,Tableau,5,Basic features are lacking.
2026-04-19 15:46:37,25-34,Female,Excel,2,Very useful.
2026-04-19 15:46:39,45+,Female,Tableau,4,Great tool!
2026-04-19 15:46:41,18-24,Male,R,5,Needs better UI.
2026-04-19 15:46:44,25-34,Male,Excel,4,Basic features are lacking.
2026-04-19 15:46:46,18-24,Male,R,1,Very useful.
2026-04-19 15:46:48,35-44,Female,R,1,Needs better UI.
2026-04-19 15:46:50,25-34,Female,Power BI,5,Needs better UI.
2026-04-19 15:46:52,45+,Female,Excel,5,Great tool!
2026-04-19 15:46:54,25-34,Female,Power BI,3,Basic features are lacking.
2026-04-19 15:46:56,35-44,Non-Binary,Power BI,4,Needs better UI.
2026-04-19 15:46:58,45+,Female,Excel,2,Great tool!
2026-04-19 15:47:00,35-44,Female,Power BI,4,Very useful.
2026-04-19 15:47:02,18-24,Male,Power BI,5,Very useful.
2026-04-19 15:47:04,18-24,Male,R,3,Needs better UI.
2026-04-19 15:47:06,45+,Male,Tableau,1,Great tool!
2026-04-19 15:47:08,25-34,Female,Power BI,5,Very useful.
2026-04-19 15:47:10,18-24,Female,Power BI,3,Needs better UI.
2026-04-19 15:47:12,25-34,Female,Power BI,5,Needs better UI.
2026-04-19 15:47:14,18-24,Female,Excel,2,Basic features are lacking.
2026-04-19 15:47:16,18-24,Male,Tableau,2,Very useful.
2026-04-19 15:47:18,18-24,Male,Tableau,4,Needs better UI.
2026-04-19 15:47:20,18-24,Female,Excel,2,Needs better UI.
2026-04-19 15:47:22,35-44,Female,Excel,2,Great tool!
2026-04-19 15:47:24,35-44,Female,Tableau,3,Needs better UI.
2026-04-19 15:47:26,35-44,Male,Power BI,3,Great tool!
2026-04-19 15:47:28,18-24,Female,Power BI,3,Basic features are lacking.
2026-04-19 15:47:30,45+,Non-Binary,Python,3,Very useful.
2026-04-19 15:47:32,45+,Male,R,4,Very useful.
2026-04-19 15:47:34,45+,Female,Python,4,Very useful.
2026-04-19 15:47:36,18-24,Male,Tableau,5,Basic features are lacking.
2026-04-19 15:47:38,45+,Male,Excel,4,Very useful.
2026-04-19 15:47:40,45+,Male,Python,5,Basic features are lacking.
2026-04-19 15:47:42,35-44,Female,Excel,2,Needs better UI.
2026-04-19 15:47:44,18-24,Male,Python,3,Great tool!
2026-04-19 15:47:46,18-24,Female,Python,5,Needs better UI.
2026-04-19 15:47:48,45+,Male,Tableau,4,Basic features are lacking.
2026-04-19 15:47:50,35-44,Male,Python,5,Basic features are lacking.
2026-04-19 15:47:52,35-44,Female,Excel,3,Great tool!
2026-04-19 15:47:54,35-44,Male,Python,4,Basic features are lacking.
2026-04-19 15:47:56,18-24,Female,Tableau,2,Great tool!
2026-04-19 15:47:58,18-24,Male,Excel,4,Basic features are lacking.
2026-04-19 15:48:00,25-34,Male,Power BI,3,Basic features are lacking.
2026-04-19 15:48:02,25-34,Non-Binary,Tableau,1,Needs better UI.
2026-04-19 15:48:04,18-24,Male,Python,3,Needs better UI.
2026-04-19 15:48:06,18-24,Male,Power BI,3,Basic features are lacking.
2026-04-19 15:48:08,25-34,Male,Excel,4,Great tool!
2026-04-19 15:48:10,35-44,Female,Power BI,3,Very useful.
2026-04-19 15:48:12,45+,Female,R,3,Great tool!
2026-04-19 15:48:14,18-24,Female,Power BI,4,Needs better UI.
2026-04-19 15:48:16,18-24,Female,Power BI,3,Very useful.
2026-04-19 15:48:18,25-34,Male,Power BI,5,Needs better UI.
2026-04-19 15:48:20,35-44,Male,R,1,Needs better UI.
2026-04-19 15:48:22,45+,Female,Tableau,3,Basic features are lacking.
2026-04-19 15:48:24,25-34,Male,Power BI,3,Great tool!
2026-04-19 15:48:26,35-44,Female,R,2,Very useful.
2026-04-19 15:48:28,18-24,Non-Binary,Excel,4,Basic features are lacking.
2026-04-19 15:48:30,35-44,Male,Tableau,5,Needs better UI.
2026-04-19 15:48:32,35-44,Male,Excel,4,Needs better UI.
2026-04-19 15:48:34,25-34,Non-Binary,R,1,Very useful.
2026-04-19 15:48:36,35-44,Female,Python,4,Basic features are lacking.
2026-04-19 15:48:38,35-44,Male,R,2,Great tool!
2026-04-19 15:48:40,35-44,Male,Power BI,4,Very useful.
2026-04-19 15:48:42,18-24,Male,R,1,Very useful.
2026-04-19 15:48:44,45+,Male,Tableau,4,Needs better UI.
2026-04-19 15:48:46,45+,Female,Power BI,3,Very useful.
2026-04-19 15:48:48,25-34,Female,Tableau,2,Needs better UI.
2026-04-19 15:48:50,45+,Female,Excel,2,Great tool!
2026-04-19 15:48:52,18-24,Female,R,2,Very useful.
2026-04-19 15:48:54,35-44,Female,Python,3,Very useful.
2026-04-19 15:48:56,35-44,Female,Excel,3,Great tool!
2026-04-19 15:48:58,35-44,Female,Tableau,3,Great tool!
2026-04-19 15:49:00,45+,Female,R,5,Needs better UI.
2026-04-19 15:49:02,45+,Non-Binary,Excel,1,Needs better UI.
2026-04-19 15:49:04,45+,Male,Power BI,4,Great tool!
2026-04-19 15:49:06,25-34,Male,R,1,Very useful.
2026-04-19 15:49:08,18-24,Male,Tableau,1,Great tool!
2026-04-19 15:49:10,45+,Female,R,4,Needs better UI.
2026-04-19 15:49:12,35-44,Male,Tableau,5,Great tool!
2026-04-19 15:49:14,45+,Male,Excel,4,Needs better UI.
2026-04-19 15:49:16,35-44,Female,R,1,Needs better UI.
2026-04-19 15:49:18,25-34,Male,R,3,Great tool!
2026-04-19 15:49:20,25-34,Female,Excel,2,Very useful.
2026-04-19 15:49:22,45+,Male,Excel,3,Needs better UI.
2026-04-19 15:49:24,18-24,Female,R,2,Very useful.
2026-04-19 15:49:26,18-24,Female,Tableau,1,Great tool!
2026-04-19 15:49:28,25-34,Non-Binary,Tableau,4,Basic features are lacking.
2026-04-19 15:49:30,18-24,Male,R,5,Needs better UI.
2026-04-19 15:49:32,45+,Female,Python,3,Needs better UI.
2026-04-19 15:49:34,18-24,Female,Python,4,Needs better UI.
2026-04-19 15:49:36,35-44,Female,Excel,3,Great tool!
2026-04-19 15:49:38,45+,Male,R,4,Very useful.
2026-04-19 15:49:40,18-24,Male,Python,5,Great tool!
2026-04-19 15:49:42,18-24,Female,Power BI,3,Great tool!
2026-04-19 15:49:44,25-34,Male,Excel,4,Needs better UI.
2026-04-19 15:49:46,35-44,Female,Power BI,5,Very useful.
2026-04-19 15:49:48,35-44,Male,Python,4,Basic features are lacking.
2026-04-19 15:49:50,35-44,Male,Excel,1,Very useful.
2026-04-19 15:49:52,45+,Female,R,1,Basic features are lacking.
2026-04-19 15:49:54,25-34,Female,Excel,4,Very useful.
2026-04-19 15:49:56,18-24,Male,Tableau,4,Needs better UI.
2026-04-19 15:49:58,45+,Female,R,4,Very useful.
2026-04-19 15:50:00,35-44,Male,R,1,Very useful.
2026-04-19 15:50:02,18-24,Male,Power BI,4,Basic features are lacking.
2026-04-19 15:50:04,18-24,Male,Tableau,2,Needs better UI.
2026-04-19 15:50:06,35-44,Male,Excel,4,Basic features are lacking.
2026-04-19 15:50:08,25-34,Male,Tableau,2,Needs better UI.
2026-04-19 15:50:10,35-44,Female,Python,5,Very useful.
2026-04-19 15:50:12,45+,Male,Power BI,3,Needs better UI.
2026-04-19 15:50:14,25-34,Non-Binary,R,5,Very useful.
2026-04-19 15:50:16,18-24,Male,Excel,1,Needs better UI.
2026-04-19 15:50:18,18-24,Male,Power BI,4,Needs better UI.
2026-04-19 15:50:20,35-44,Male,Tableau,3,Great tool!
2026-04-19 15:50:22,25-34,Female,Power BI,5,Needs better UI.
2026-04-19 15:50:24,35-44,Female,R,3,Great tool!
2026-04-19 15:50:26,25-34,Male,Python,5,Very useful.
2026-04-19 15:50:28,25-34,Male,R,4,Basic features are lacking.
2026-04-19 15:50:30,35-44,Female,Power BI,3,Great tool!
2026-04-19 15:50:33,45+,Female,Tableau,3,Needs better UI.
2026-04-19 15:50:35,18-24,Female,Python,3,Very useful.
2026-04-19 15:50:37,35-44,Male,Power BI,4,Very useful.
2026-04-19 15:50:39,25-34,Non-Binary,Power BI,5,Needs better UI.
2026-04-19 15:50:41,18-24,Male,Python,4,Basic features are lacking.
2026-04-19 15:50:43,18-24,Male,R,4,Great tool!
2026-04-19 15:50:45,18-24,Male,Power BI,5,Needs better UI.
2026-04-19 15:50:47,35-44,Female,Excel,2,Needs better UI.
2026-04-19 15:50:49,45+,Female,Python,4,Basic features are lacking.
2026-04-19 15:50:51,25-34,Male,R,4,Basic features are lacking.
2026-04-19 15:50:53,45+,Female,Power BI,3,Great tool!
2026-04-19 15:50:55,18-24,Male,Python,3,Very useful.
2026-04-19 15:50:57,35-44,Male,Python,5,Needs better UI.
2026-04-19 15:50:59,18-24,Male,Python,5,Great tool!
2026-04-19 15:51:01,25-34,Female,Tableau,2,Needs better UI.
2026-04-19 15:51:03,45+,Male,Python,5,Needs better UI.
2026-04-19 15:51:07,18-24,Female,Power BI,3,Needs better UI.
2026-04-19 15:57:29,18-24,Male,Python,3,Great tool!
2026-04-19 15:57:31,18-24,Male,Python,4,Very useful.
2026-04-19 15:57:33,35-44,Male,R,2,Very useful.
2026-04-19 15:57:35,35-44,Male,Python,5,Needs better UI.
2026-04-19 15:57:37,25-34,Female,Power BI,4,Needs better UI.
2026-04-19 15:57:39,25-34,Female,Python,3,Basic features are lacking.
2026-04-19 15:57:41,25-34,Male,Python,3,Great tool!
2026-04-19 15:57:43,18-24,Male,Excel,1,Great tool!
2026-04-19 15:57:45,18-24,Female,Python,3,Very useful.
2026-04-19 15:57:47,45+,Female,Python,5,Needs better UI.
2026-04-19 15:57:49,45+,Female,R,4,Great tool!
2026-04-19 15:57:51,45+,Female,Python,3,Basic features are lacking.
2026-04-19 15:57:53,25-34,Male,Tableau,1,Very useful.
2026-04-19 15:57:55,18-24,Female,R,2,Basic features are lacking.
2026-04-19 15:57:57,45+,Male,Tableau,2,Great tool!
2026-04-19 15:57:59,25-34,Female,R,3,Basic features are lacking.
2026-04-19 15:58:01,25-34,Male,Power BI,3,Basic features are lacking.
2026-04-19 15:58:03,35-44,Female,Excel,5,Basic features are lacking.
2026-04-19 15:58:05,18-24,Female,Tableau,5,Needs better UI.
2026-04-19 15:58:07,35-44,Male,Power BI,3,Needs better UI.
2026-04-19 15:58:09,25-34,Male,Power BI,5,Basic features are lacking.
2026-04-19 15:58:11,25-34,Male,R,3,Basic features are lacking.
2026-04-19 15:58:13,35-44,Non-Binary,Python,3,Great tool!
2026-04-19 15:58:15,45+,Female,R,1,Great tool!
2026-04-19 15:58:17,35-44,Male,Power BI,3,Needs better UI.
2026-04-19 15:58:19,18-24,Female,Excel,2,Great tool!
2026-04-19 15:58:21,18-24,Female,Power BI,4,Needs better UI.
2026-04-19 15:58:23,45+,Non-Binary,Tableau,4,Basic features are lacking.
2026-04-19 15:58:25,18-24,Non-Binary,Python,3,Basic features are lacking.
2026-04-19 15:58:27,25-34,Male,Power BI,4,Basic features are lacking.
2026-04-19 15:58:29,18-24,Non-Binary,Power BI,4,Great tool!
2026-04-19 15:58:31,45+,Female,Power BI,4,Needs better UI.
2026-04-19 15:58:33,35-44,Male,Power BI,3,Very useful.
2026-04-19 15:58:35,45+,Male,Python,3,Great tool!
2026-04-19 15:58:37,25-34,Female,R,2,Great tool!
2026-04-19 15:58:39,35-44,Male,R,2,Needs better UI.
2026-04-19 15:58:41,18-24,Male,Python,4,Very useful.
2026-04-19 15:58:43,35-44,Male,R,3,Needs better UI.
2026-04-19 15:58:45,18-24,Male,R,3,Very useful.
2026-04-19 15:58:47,25-34,Male,Power BI,5,Basic features are lacking.
2026-04-19 15:58:49,18-24,Female,Tableau,3,Basic features are lacking.
2026-04-19 15:58:51,18-24,Male,Tableau,5,
2026-04-19 15:58:51,45+,Non-Binary,R,5,Very useful.
2026-04-19 15:58:53,18-24,Female,Python,3,Very useful.
2026-04-19 15:58:55,25-34,Female,Power BI,4,Great tool!
2026-04-19 15:58:57,18-24,Male,Tableau,2,Very useful.
2026-04-19 15:58:59,18-24,Male,R,3,Needs better UI.
2026-04-19 15:59:01,25-34,Male,Excel,4,Needs better UI.
2026-04-19 15:59:03,45+,Male,Tableau,1,Basic features are lacking.
2026-04-19 15:59:05,18-24,Female,Excel,1,Great tool!
2026-04-19 15:59:08,45+,Female,Python,3,Great tool!
2026-04-19 15:59:10,18-24,Male,R,3,Needs better UI.
2026-04-19 15:59:12,45+,Male,Python,5,Great tool!
2026-04-19 15:59:14,18-24,Female,R,3,Great tool!
2026-04-19 15:59:16,45+,Non-Binary,R,3,Very useful.
2026-04-19 15:59:18,25-34,Female,Python,5,Great tool!
2026-04-19 15:59:20,25-34,Male,Excel,5,Very useful.
2026-04-19 15:59:22,45+,Male,Power BI,5,Basic features are lacking.
2026-04-19 15:59:24,25-34,Male,Power BI,3,Needs better UI.
2026-04-19 15:59:26,25-34,Male,Power BI,4,Needs better UI.
2026-04-19 15:59:28,18-24,Female,Python,4,Very useful.
2026-04-19 15:59:30,45+,Female,Python,4,Great tool!
2026-04-19 15:59:32,35-44,Female,Python,3,Great tool!
2026-04-19 15:59:34,45+,Non-Binary,R,3,Needs better UI.
2026-04-19 15:59:36,35-44,Male,Python,5,Great tool!
2026-04-19 15:59:38,18-24,Male,R,2,Needs better UI.
2026-04-19 15:59:40,35-44,Female,Python,5,Basic features are lacking.
2026-04-19 15:59:42,35-44,Male,Python,3,Very useful.
2026-04-19 15:59:44,25-34,Female,Excel,5,Very useful.
2026-04-19 15:59:46,45+,Female,R,5,Needs better UI.
2026-04-19 15:59:48,25-34,Non-Binary,Tableau,4,Basic features are lacking.
2026-04-19 15:59:50,45+,Male,Excel,5,Great tool!
2026-04-19 15:59:52,35-44,Male,R,1,Very useful.
2026-04-19 15:59:54,25-34,Female,R,5,Needs better UI.
2026-04-19 15:59:56,18-24,Male,R,4,Needs better UI.
2026-04-19 15:59:58,35-44,Male,R,1,Needs better UI.
2026-04-19 16:00:00,25-34,Male,Python,5,Basic features are lacking.
2026-04-19 16:00:02,35-44,Male,Power BI,3,Needs better UI.
2026-04-19 16:00:04,18-24,Male,Power BI,4,Great tool!
2026-04-19 16:00:06,18-24,Female,Tableau,2,Basic features are lacking.
2026-04-19 16:00:08,35-44,Male,Python,5,Great tool!
2026-04-19 16:00:10,25-34,Male,Excel,4,Needs better UI.
2026-04-19 16:00:12,35-44,Male,Python,3,Very useful.
2026-04-19 16:00:14,45+,Male,Power BI,5,Great tool!
2026-04-19 16:00:16,45+,Female,R,5,Basic features are lacking.
2026-04-19 16:00:18,25-34,Male,Power BI,3,Great tool!
2026-04-19 16:00:20,35-44,Female,Excel,5,Great tool!
2026-04-19 16:00:22,18-24,Male,Excel,3,Great tool!
2026-04-19 16:00:24,45+,Female,Tableau,1,Great tool!
2026-04-19 16:00:26,45+,Female,R,4,Basic features are lacking.
2026-04-19 16:00:28,18-24,Male,Power BI,3,Very useful.
2026-04-19 16:00:30,35-44,Male,Excel,2,Needs better UI.
2026-04-19 16:00:32,25-34,Male,Excel,4,Needs better UI.
2026-04-19 16:00:34,25-34,Female,Excel,4,Great tool!
2026-04-19 16:00:36,18-24,Male,Power BI,3,Very useful.
2026-04-19 16:00:38,18-24,Female,Python,5,Needs better UI.
2026-04-19 16:00:40,45+,Female,Python,5,Basic features are lacking.
2026-04-19 16:00:42,35-44,Female,Power BI,3,Basic features are lacking.
2026-04-19 16:00:44,45+,Female,Tableau,4,Basic features are lacking.
2026-04-19 16:00:46,25-34,Male,Python,5,Needs better UI.
2026-04-19 16:00:48,45+,Male,Excel,2,Great tool!
2026-04-19 16:00:50,18-24,Female,R,2,Basic features are lacking.
2026-04-19 16:00:52,45+,Female,Python,5,Needs better UI.
2026-04-19 16:00:54,45+,Male,Excel,4,Needs better UI.
2026-04-19 16:00:56,35-44,Male,R,3,Needs better UI.
2026-04-19 16:00:58,35-44,Male,Python,3,Basic features are lacking.
2026-04-19 16:01:00,35-44,Male,Excel,1,Needs better UI.
2026-04-19 16:01:02,45+,Male,Excel,4,Needs better UI.
2026-04-19 16:01:04,35-44,Male,Python,4,Great tool!
2026-04-19 16:01:06,25-34,Female,Python,5,Great tool!
2026-04-19 16:01:08,18-24,Female,Excel,5,Needs better UI.
2026-04-19 16:01:10,45+,Female,Python,4,Great tool!
2026-04-19 16:01:12,18-24,Non-Binary,Power BI,5,Needs better UI.
2026-04-19 16:01:14,25-34,Non-Binary,Power BI,3,Basic features are lacking.
2026-04-19 16:01:16,25-34,Male,Excel,1,Great tool!
2026-04-19 16:01:18,45+,Female,Tableau,5,Basic features are lacking.
2026-04-19 16:01:20,18-24,Male,Excel,5,Very useful.
2026-04-19 16:01:22,18-24,Non-Binary,Excel,4,Very useful.
2026-04-19 16:01:24,45+,Male,Power BI,5,Great tool!
2026-04-19 16:01:26,25-34,Male,Power BI,4,Basic features are lacking.
2026-04-19 16:01:28,35-44,Male,Power BI,3,Great tool!
2026-04-19 16:01:30,18-24,Female,Power BI,3,Basic features are lacking.
2026-04-19 16:01:32,25-34,Male,Power BI,5,Needs better UI.
2026-04-19 16:01:34,18-24,Female,R,5,Great tool!
2026-04-19 16:01:36,45+,Female,Power BI,4,Great tool!
2026-04-19 16:01:38,25-34,Male,Excel,2,Needs better UI.
2026-04-19 16:01:40,35-44,Female,Tableau,5,Great tool!
2026-04-19 16:01:42,18-24,Male,Tableau,2,Needs better UI.
2026-04-19 16:01:44,18-24,Non-Binary,Python,4,Basic features are lacking.
2026-04-19 16:01:46,18-24,Male,Excel,3,Basic features are lacking.
2026-04-19 16:01:48,45+,Female,Python,4,Basic features are lacking.
2026-04-19 16:01:50,45+,Male,Python,5,Very useful.
2026-04-19 16:01:52,25-34,Female,Power BI,4,Great tool!
2026-04-19 16:01:54,18-24,Non-Binary,Tableau,4,Needs better UI.
2026-04-19 16:01:56,35-44,Female,Excel,1,Great tool!
2026-04-19 16:01:58,35-44,Female,R,2,Great tool!
2026-04-19 16:02:00,25-34,Female,Power BI,5,Great tool!
2026-04-19 16:02:02,18-24,Female,Power BI,5,Needs better UI.
2026-04-19 16:02:04,25-34,Male,Python,3,Basic features are lacking.
2026-04-19 16:02:06,35-44,Male,Tableau,3,Very useful.
2026-04-19 16:02:08,45+,Male,Excel,5,Basic features are lacking.
2026-04-19 16:02:10,35-44,Female,Python,5,Very useful.
2026-04-19 16:02:12,45+,Male,Power BI,4,Basic features are lacking.
2026-04-19 16:02:14,35-44,Female,Excel,2,Basic features are lacking.
2026-04-19 16:02:16,45+,Female,Excel,4,Basic features are lacking.
2026-04-19 16:02:18,18-24,Female,Python,5,Great tool!
2026-04-19 16:02:20,35-44,Non-Binary,Power BI,4,Great tool!
2026-04-19 16:02:22,35-44,Male,Tableau,3,Very useful.
2026-04-19 16:02:24,35-44,Male,Python,5,Very useful.
2026-04-19 16:02:26,45+,Male,Excel,4,Basic features are lacking.
2026-04-19 16:02:28,18-24,Male,R,1,Great tool!
2026-04-19 16:02:30,25-34,Male,Power BI,3,Basic features are lacking.
2026-04-19 16:02:32,25-34,Male,Python,3,Great tool!
2026-04-19 16:02:34,18-24,Female,Tableau,2,Great tool!
2026-04-19 16:02:36,25-34,Male,Python,4,Great tool!
2026-04-19 16:02:38,18-24,Female,Excel,2,Great tool!
2026-04-19 16:02:40,35-44,Male,R,5,Needs better UI.
2026-04-19 16:02:42,25-34,Male,Tableau,5,Basic features are lacking.
2026-04-19 16:02:44,45+,Female,Power BI,4,Very useful.
2026-04-19 16:02:46,35-44,Male,R,4,Great tool!
2026-04-19 16:02:48,45+,Non-Binary,Excel,4,Great tool!
2026-04-19 16:02:51,35-44,Male,R,3,Basic features are lacking.
2026-04-19 16:02:53,45+,Female,Excel,2,Needs better UI.
2026-04-19 16:02:55,18-24,Female,Tableau,2,Needs better UI.
2026-04-19 16:02:57,35-44,Female,Power BI,5,Very useful.
2026-04-19 16:02:59,35-44,Male,Python,5,Needs better UI.
2026-04-19 16:03:01,25-34,Female,Tableau,3,Great tool!
2026-04-19 16:03:03,45+,Male,Python,4,Great tool!
2026-04-19 16:03:05,35-44,Female,Tableau,1,Needs better UI.
2026-04-19 16:03:07,18-24,Female,Excel,3,Very useful.
2026-04-19 16:03:09,25-34,Female,Power BI,3,Needs better UI.
2026-04-19 16:03:11,35-44,Female,Python,4,Very useful.
2026-04-19 16:03:13,25-34,Male,R,1,Needs better UI.
2026-04-19 16:03:15,25-34,Female,R,4,Very useful.
2026-04-19 16:03:17,18-24,Male,R,2,Needs better UI.
2026-04-19 16:03:19,45+,Male,Tableau,5,Needs better UI.
2026-04-19 16:03:21,18-24,Female,Tableau,3,Needs better UI.
2026-04-19 16:03:23,18-24,Female,Tableau,2,Needs better UI.
2026-04-19 16:03:25,35-44,Male,Tableau,1,Needs better UI.
2026-04-19 16:03:27,35-44,Male,Tableau,1,Very useful.
2026-04-19 16:03:29,18-24,Male,Power BI,3,Very useful.
2026-04-19 16:03:31,35-44,Male,Tableau,4,Great tool!
2026-04-19 16:03:33,45+,Male,R,3,Very useful.
2026-04-19 16:03:35,35-44,Male,Excel,3,Very useful.
2026-04-19 16:03:37,25-34,Female,Python,4,Very useful.
2026-04-19 16:03:39,25-34,Female,Tableau,4,Very useful.
2026-04-19 16:03:41,25-34,Male,R,2,Needs better UI.
2026-04-19 16:03:43,45+,Female,Power BI,3,Very useful.
2026-04-19 16:03:45,25-34,Male,R,4,Basic features are lacking.
2026-04-19 16:03:47,25-34,Female,R,4,Needs better UI.
2026-04-19 16:03:49,18-24,Male,Power BI,5,Great tool!
2026-04-19 16:03:51,35-44,Female,Power BI,3,Very useful.
2026-04-19 16:03:53,35-44,Female,Tableau,2,Very useful.
2026-04-19 16:03:55,18-24,Male,Tableau,5,Needs better UI.
2026-04-19 16:03:57,25-34,Female,Excel,1,Very useful.
2026-04-19 16:03:59,35-44,Male,R,2,Great tool!
2026-04-19 16:04:01,18-24,Female,Power BI,5,Great tool!
2026-04-19 16:04:03,25-34,Male,R,1,Great tool!
2026-04-19 16:04:05,25-34,Female,R,4,Great tool!
2026-04-19 16:04:07,35-44,Female,Excel,4,Basic features are lacking.
2026-04-19 16:04:09,18-24,Female,Python,4,Basic features are lacking.
2026-04-19 16:04:11,45+,Female,Excel,4,Great tool!
2026-04-19 16:04:13,35-44,Male,Tableau,3,Basic features are lacking.
2026-04-19 16:04:15,35-44,Male,Power BI,4,Needs better UI.
2026-04-19 16:04:17,18-24,Male,R,5,Great tool!
2026-04-19 16:04:19,35-44,Female,Tableau,3,Needs better UI.
2026-04-19 16:04:21,45+,Female,Tableau,1,Great tool!
2026-04-19 16:04:23,45+,Male,Power BI,5,Basic features are lacking.
2026-04-19 16:04:25,18-24,Female,Python,3,Needs better UI.
2026-04-19 16:04:27,45+,Male,Python,3,Great tool!
2026-04-19 16:04:29,18-24,Male,R,4,Needs better UI.
2026-04-19 16:04:31,18-24,Male,Tableau,2,Great tool!
2026-04-19 16:04:33,45+,Female,Python,4,Great tool!
2026-04-19 16:04:35,18-24,Female,R,5,Very useful.
2026-04-19 16:04:37,45+,Female,Tableau,5,Very useful.
2026-04-19 16:04:39,25-34,Male,Power BI,5,Great tool!
2026-04-19 16:04:41,35-44,Female,Tableau,2,Needs better UI.
2026-04-19 16:04:43,25-34,Male,R,2,Basic features are lacking.
2026-04-19 16:04:45,25-34,Male,Power BI,4,Basic features are lacking.
2026-04-19 16:04:47,18-24,Male,R,3,Needs better UI.
2026-04-19 16:04:49,18-24,Male,Excel,2,Very useful.
2026-04-19 16:04:51,45+,Male,R,1,Basic features are lacking.
2026-04-19 16:04:53,25-34,Male,R,1,Very useful.
2026-04-19 16:04:55,25-34,Male,R,2,Great tool!
2026-04-19 16:04:57,25-34,Male,Power BI,4,Basic features are lacking.
2026-04-19 16:04:59,18-24,Female,Excel,2,Basic features are lacking.
2026-04-19 16:05:01,18-24,Male,Python,5,Needs better UI.
2026-04-19 16:05:03,25-34,Male,Power BI,3,Basic features are lacking.
2026-04-19 16:05:05,25-34,Male,Excel,2,Very useful.
2026-04-19 16:05:07,45+,Female,Python,4,Very useful.
2026-04-19 16:05:09,18-24,Male,Python,4,Basic features are lacking.
2026-04-19 16:05:11,18-24,Male,Tableau,2,Basic features are lacking.
2026-04-19 16:05:13,25-34,Female,Power BI,4,Needs better UI.
2026-04-19 16:05:15,45+,Male,R,3,Needs better UI.
2026-04-19 16:05:17,35-44,Female,Python,3,Needs better UI.
2026-04-19 16:05:19,35-44,Male,Power BI,5,Very useful.
2026-04-19 16:05:21,45+,Female,Tableau,2,Great tool!
2026-04-19 16:05:23,18-24,Female,Python,5,Very useful.
2026-04-19 16:05:25,35-44,Female,Python,5,Needs better UI.
2026-04-19 16:05:27,25-34,Male,Excel,3,Basic features are lacking.
2026-04-19 16:05:29,25-34,Female,Tableau,3,Great tool!
2026-04-19 16:05:31,35-44,Female,Tableau,1,Basic features are lacking.
2026-04-19 16:05:33,25-34,Female,R,4,Basic features are lacking.
2026-04-19 16:05:35,25-34,Female,Tableau,2,Great tool!
2026-04-19 16:05:37,45+,Female,Power BI,4,Great tool!
2026-04-19 16:05:39,18-24,Male,Power BI,4,Very useful.
2026-04-19 16:05:41,45+,Female,Excel,4,Basic features are lacking.
2026-04-19 16:05:43,18-24,Female,Power BI,5,Basic features are lacking.
2026-04-19 16:05:45,18-24,Male,Python,4,Basic features are lacking.
2026-04-19 16:05:47,18-24,Male,Power BI,3,Great tool!
2026-04-19 16:05:49,18-24,Male,Python,3,Needs better UI.
2026-04-19 16:05:51,45+,Male,Tableau,3,Great tool!
2026-04-19 16:05:53,25-34,Male,Tableau,5,Great tool!
2026-04-19 16:05:55,35-44,Male,R,4,Very useful.
2026-04-19 16:05:57,45+,Female,Python,5,Needs better UI.
2026-04-19 16:05:59,25-34,Male,Excel,3,Basic features are lacking.
2026-04-19 16:06:01,18-24,Male,Power BI,3,Needs better UI.
2026-04-19 16:06:03,45+,Male,Python,3,Very useful.
2026-04-19 16:06:05,35-44,Female,Power BI,4,Needs better UI.
2026-04-19 16:06:07,18-24,Male,Power BI,5,Basic features are lacking.
2026-04-19 16:06:09,25-34,Male,Power BI,5,Great tool!
2026-04-19 16:06:11,18-24,Male,R,1,Great tool!
2026-04-19 16:06:13,25-34,Male,Python,3,Very useful.
2026-04-19 16:06:15,25-34,Female,Tableau,4,Great tool!
2026-04-19 16:06:17,35-44,Female,Python,3,Great tool!
2026-04-19 16:06:19,45+,Female,Tableau,1,Great tool!
2026-04-19 16:06:21,18-24,Female,Power BI,3,Very useful.
2026-04-19 16:06:23,25-34,Female,Python,3,Needs better UI.
2026-04-19 16:06:25,18-24,Male,Python,3,Very useful.
2026-04-19 16:06:27,25-34,Female,Tableau,2,Needs better UI.
2026-04-19 16:06:29,18-24,Male,R,3,Basic features are lacking.
2026-04-19 16:06:31,45+,Female,R,4,Basic features are lacking.
2026-04-19 16:06:33,45+,Male,Excel,5,Basic features are lacking.
2026-04-19 16:06:35,18-24,Female,R,2,Very useful.
2026-04-19 16:06:37,18-24,Male,Excel,4,Very useful.
2026-04-19 16:06:39,18-24,Female,Excel,3,Great tool!
2026-04-19 16:06:41,45+,Male,Power BI,5,Great tool!
2026-04-19 16:06:43,18-24,Male,Python,3,Very useful.
2026-04-19 16:06:45,18-24,Female,Python,3,Needs better UI.
2026-04-19 16:06:48,45+,Female,R,1,Needs better UI.
2026-04-19 16:06:50,25-34,Female,Excel,1,Basic features are lacking.
2026-04-19 16:06:52,18-24,Male,Excel,3,Needs better UI.
2026-04-19 16:06:54,35-44,Male,Tableau,5,Great tool!
2026-04-19 16:06:56,45+,Female,Python,3,Basic features are lacking.
2026-04-19 16:06:58,18-24,Male,Python,3,Needs better UI.
2026-04-19 16:07:00,45+,Female,Excel,4,Very useful.
2026-04-19 16:07:02,45+,Female,Python,5,Basic features are lacking.
2026-04-19 16:07:04,18-24,Female,Excel,2,Very useful.
2026-04-19 16:07:06,45+,Male,Excel,2,Great tool!
2026-04-19 16:07:08,25-34,Female,R,3,Needs better UI.
2026-04-19 16:07:10,45+,Non-Binary,Tableau,5,Basic features are lacking.
2026-04-19 16:07:12,18-24,Female,R,5,Very useful.
2026-04-19 16:07:14,25-34,Female,Excel,2,Very useful.
2026-04-19 16:07:16,18-24,Female,R,5,Very useful.
2026-04-19 16:07:18,35-44,Female,Python,5,Great tool!
2026-04-19 16:07:20,18-24,Female,Python,5,Great tool!
2026-04-19 16:07:22,18-24,Male,R,1,Basic features are lacking.
2026-04-19 16:07:24,18-24,Female,R,5,Great tool!
2026-04-19 16:07:26,45+,Female,Python,5,Very useful.
